<additional>
    <output-prefix value='TIME'/>
    <inductionLoop id="cell_14_1" lane="-11.0.00_1" pos="-9" period="60" file="../../exp_log/sumo_edge/lp_out.xml"/>
    <inductionLoop id="cell_14_2" lane="-11.0.00_2" pos="-9" period="60" file="../../exp_log/sumo_edge/lp_out.xml"/>
    <inductionLoop id="cell_12_1" lane="-18.0.00_0" pos="-1" period="60" file="../../exp_log/sumo_edge/lp_out.xml"/>
    <inductionLoop id="cell_12_2" lane="-18.0.00_1" pos="-1" period="60" file="../../exp_log/sumo_edge/lp_out.xml"/>
    <inductionLoop id="cell_12_3" lane="-18.0.00_2" pos="-1" period="60" file="../../exp_log/sumo_edge/lp_out.xml"/>
    <inductionLoop id="cell_11_1" lane="-18.0.00_0" pos="-9" period="60" file="../../exp_log/sumo_edge/lp_out.xml"/>
    <inductionLoop id="cell_11_2" lane="-18.0.00_1" pos="-9" period="60" file="../../exp_log/sumo_edge/lp_out.xml"/>
    <inductionLoop id="cell_11_3" lane="-18.0.00_2" pos="-9" period="60" file="../../exp_log/sumo_edge/lp_out.xml"/>
    <inductionLoop id="cell_10_1" lane="-18.0.00_0" pos="-18" period="60" file="../../exp_log/sumo_edge/lp_out.xml"/>
    <inductionLoop id="cell_10_2" lane="-18.0.00_1" pos="-18" period="60" file="../../exp_log/sumo_edge/lp_out.xml"/>
    <inductionLoop id="cell_10_3" lane="-18.0.00_2" pos="-18" period="60" file="../../exp_log/sumo_edge/lp_out.xml"/>
    <inductionLoop id="cell_09_1" lane="-18.0.00_0" pos="-27" period="60" file="../../exp_log/sumo_edge/lp_out.xml"/>
    <inductionLoop id="cell_09_2" lane="-18.0.00_1" pos="-27" period="60" file="../../exp_log/sumo_edge/lp_out.xml"/>
    <inductionLoop id="cell_09_3" lane="-18.0.00_2" pos="-27" period="60" file="../../exp_log/sumo_edge/lp_out.xml"/>
    <inductionLoop id="cell_08_1" lane="-18.0.00_0" pos="-36" period="60" file="../../exp_log/sumo_edge/lp_out.xml"/>
    <inductionLoop id="cell_08_2" lane="-18.0.00_1" pos="-36" period="60" file="../../exp_log/sumo_edge/lp_out.xml"/>
    <inductionLoop id="cell_08_3" lane="-18.0.00_2" pos="-36" period="60" file="../../exp_log/sumo_edge/lp_out.xml"/>
    <inductionLoop id="cell_07_1" lane="-18.0.00_0" pos="-45" period="60" file="../../exp_log/sumo_edge/lp_out.xml"/>
    <inductionLoop id="cell_07_2" lane="-18.0.00_1" pos="-45" period="60" file="../../exp_log/sumo_edge/lp_out.xml"/>
    <inductionLoop id="cell_07_3" lane="-18.0.00_2" pos="-45" period="60" file="../../exp_log/sumo_edge/lp_out.xml"/>
    <inductionLoop id="cell_06_1" lane="-18.0.00_0" pos="-54" period="60" file="../../exp_log/sumo_edge/lp_out.xml"/>
    <inductionLoop id="cell_06_2" lane="-18.0.00_1" pos="-54" period="60" file="../../exp_log/sumo_edge/lp_out.xml"/>
    <inductionLoop id="cell_06_3" lane="-18.0.00_2" pos="-54" period="60" file="../../exp_log/sumo_edge/lp_out.xml"/>
    <inductionLoop id="cell_05_1" lane="-18.0.00_0" pos="-63" period="60" file="../../exp_log/sumo_edge/lp_out.xml"/>
    <inductionLoop id="cell_05_2" lane="-18.0.00_1" pos="-63" period="60" file="../../exp_log/sumo_edge/lp_out.xml"/>
    <inductionLoop id="cell_05_3" lane="-18.0.00_2" pos="-63" period="60" file="../../exp_log/sumo_edge/lp_out.xml"/>
    <inductionLoop id="cell_04_1" lane="-4.0.00_0" pos="-1" period="60" file="../../exp_log/sumo_edge/lp_out.xml"/>
    <inductionLoop id="cell_04_2" lane="-4.0.00_1" pos="-1" period="60" file="../../exp_log/sumo_edge/lp_out.xml"/>
    <inductionLoop id="cell_04_3" lane="-4.0.00_2" pos="-1" period="60" file="../../exp_log/sumo_edge/lp_out.xml"/>
    <inductionLoop id="cell_03_1" lane="-4.0.00_0" pos="-9" period="60" file="../../exp_log/sumo_edge/lp_out.xml"/>
    <inductionLoop id="cell_03_2" lane="-4.0.00_1" pos="-9" period="60" file="../../exp_log/sumo_edge/lp_out.xml"/>
    <inductionLoop id="cell_03_3" lane="-4.0.00_2" pos="-9" period="60" file="../../exp_log/sumo_edge/lp_out.xml"/>
    <inductionLoop id="cell_02_1" lane="-4.0.00_0" pos="-18" period="60" file="../../exp_log/sumo_edge/lp_out.xml"/>
    <inductionLoop id="cell_02_2" lane="-4.0.00_1" pos="-18" period="60" file="../../exp_log/sumo_edge/lp_out.xml"/>
    <inductionLoop id="cell_02_3" lane="-4.0.00_2" pos="-18" period="60" file="../../exp_log/sumo_edge/lp_out.xml"/>
    <inductionLoop id="cell_43_1" lane="3.0.00_1" pos="-9" period="60" file="../../exp_log/sumo_edge/lp_out.xml"/>
    <inductionLoop id="cell_43_2" lane="3.0.00_2" pos="-9" period="60" file="../../exp_log/sumo_edge/lp_out.xml"/>
    <inductionLoop id="cell_42_1" lane="3.0.00_1" pos="-18" period="60" file="../../exp_log/sumo_edge/lp_out.xml"/>
    <inductionLoop id="cell_42_2" lane="3.0.00_2" pos="-18" period="60" file="../../exp_log/sumo_edge/lp_out.xml"/>
    <inductionLoop id="cell_39_1" lane="7.0.00_0" pos="-1" period="60" file="../../exp_log/sumo_edge/lp_out.xml"/>
    <inductionLoop id="cell_39_2" lane="7.0.00_1" pos="-1" period="60" file="../../exp_log/sumo_edge/lp_out.xml"/>
    <inductionLoop id="cell_39_3" lane="7.0.00_2" pos="-1" period="60" file="../../exp_log/sumo_edge/lp_out.xml"/>
    <inductionLoop id="cell_38_1" lane="7.0.00_0" pos="-9" period="60" file="../../exp_log/sumo_edge/lp_out.xml"/>
    <inductionLoop id="cell_38_2" lane="7.0.00_1" pos="-9" period="60" file="../../exp_log/sumo_edge/lp_out.xml"/>
    <inductionLoop id="cell_38_3" lane="7.0.00_2" pos="-9" period="60" file="../../exp_log/sumo_edge/lp_out.xml"/>
    <inductionLoop id="cell_37_1" lane="7.0.00_0" pos="-18" period="60" file="../../exp_log/sumo_edge/lp_out.xml"/>
    <inductionLoop id="cell_37_2" lane="7.0.00_1" pos="-18" period="60" file="../../exp_log/sumo_edge/lp_out.xml"/>
    <inductionLoop id="cell_37_3" lane="7.0.00_2" pos="-18" period="60" file="../../exp_log/sumo_edge/lp_out.xml"/>
    <inductionLoop id="cell_36_1" lane="15.0.00_0" pos="-1" period="60" file="../../exp_log/sumo_edge/lp_out.xml"/>
    <inductionLoop id="cell_36_2" lane="15.0.00_1" pos="-1" period="60" file="../../exp_log/sumo_edge/lp_out.xml"/>
    <inductionLoop id="cell_36_3" lane="15.0.00_2" pos="-1" period="60" file="../../exp_log/sumo_edge/lp_out.xml"/>
    <inductionLoop id="cell_35_1" lane="15.0.00_0" pos="-9" period="60" file="../../exp_log/sumo_edge/lp_out.xml"/>
    <inductionLoop id="cell_35_2" lane="15.0.00_1" pos="-9" period="60" file="../../exp_log/sumo_edge/lp_out.xml"/>
    <inductionLoop id="cell_35_3" lane="15.0.00_2" pos="-9" period="60" file="../../exp_log/sumo_edge/lp_out.xml"/>
    <inductionLoop id="cell_34_1" lane="15.0.00_0" pos="-18" period="60" file="../../exp_log/sumo_edge/lp_out.xml"/>
    <inductionLoop id="cell_34_2" lane="15.0.00_1" pos="-18" period="60" file="../../exp_log/sumo_edge/lp_out.xml"/>
    <inductionLoop id="cell_34_3" lane="15.0.00_2" pos="-18" period="60" file="../../exp_log/sumo_edge/lp_out.xml"/>
    <inductionLoop id="cell_33_1" lane="15.0.00_0" pos="-18" period="60" file="../../exp_log/sumo_edge/lp_out.xml"/>
    <inductionLoop id="cell_33_2" lane="15.0.00_1" pos="-18" period="60" file="../../exp_log/sumo_edge/lp_out.xml"/>
    <inductionLoop id="cell_33_3" lane="15.0.00_2" pos="-18" period="60" file="../../exp_log/sumo_edge/lp_out.xml"/>
    <inductionLoop id="cell_32_1" lane="15.0.00_0" pos="-27" period="60" file="../../exp_log/sumo_edge/lp_out.xml"/>
    <inductionLoop id="cell_32_2" lane="15.0.00_1" pos="-27" period="60" file="../../exp_log/sumo_edge/lp_out.xml"/>
    <inductionLoop id="cell_32_3" lane="15.0.00_2" pos="-27" period="60" file="../../exp_log/sumo_edge/lp_out.xml"/>
    <inductionLoop id="cell_31_1" lane="15.0.00_0" pos="-36" period="60" file="../../exp_log/sumo_edge/lp_out.xml"/>
    <inductionLoop id="cell_31_2" lane="15.0.00_1" pos="-36" period="60" file="../../exp_log/sumo_edge/lp_out.xml"/>
    <inductionLoop id="cell_31_3" lane="15.0.00_2" pos="-36" period="60" file="../../exp_log/sumo_edge/lp_out.xml"/>
    <inductionLoop id="cell_30_1" lane="15.0.00_0" pos="-45" period="60" file="../../exp_log/sumo_edge/lp_out.xml"/>
    <inductionLoop id="cell_30_2" lane="15.0.00_1" pos="-45" period="60" file="../../exp_log/sumo_edge/lp_out.xml"/>
    <inductionLoop id="cell_30_3" lane="15.0.00_2" pos="-45" period="60" file="../../exp_log/sumo_edge/lp_out.xml"/>
</additional>