<additional>
    <output-prefix value='TIME'/>
    <inductionLoop id="EB_1" lane="-4.0.00_0" pos="75" period="60" file="../../exp_log/sumo_edge/lp_out.xml"/>
    <inductionLoop id="EB_2" lane="-4.0.00_1" pos="75" period="60" file="../../exp_log/sumo_edge/lp_out.xml"/>
    <inductionLoop id="EB_3" lane="-4.0.00_2" pos="75" period="60" file="../../exp_log/sumo_edge/lp_out.xml"/>
    <inductionLoop id="WB_0" lane="15.0.00_0" pos="0" period="60" file="../../exp_log/sumo_edge/lp_out.xml"/>
    <inductionLoop id="WB_1" lane="15.0.00_1" pos="0" period="60" file="../../exp_log/sumo_edge/lp_out.xml"/>
    <inductionLoop id="WB_2" lane="15.0.00_2" pos="0" period="60" file="../../exp_log/sumo_edge/lp_out.xml"/>
    <inductionLoop id="NB_1" lane="-0.0.00_0" pos="200" period="60" file="../../exp_log/sumo_edge/lp_out.xml"/>
    <inductionLoop id="SB_1" lane="12.0.00_0" pos="100" period="60" file="../../exp_log/sumo_edge/lp_out.xml"/>
    <inductionLoop id="SB_2" lane="12.0.00_1" pos="100" period="60" file="../../exp_log/sumo_edge/lp_out.xml"/>
</additional>