cell_idx,type,n_pre_cell,pr1,pr2,pr3,n_fol_cell,fo1,fo2,fo3,jam_den,capacity,turn_l,turn_th,turn_r,phase,demand,intersection,approach,num_lane,seg_idx,ncell2int,detect_cell
1,5,0,0,0,0,1,2,0,0,99999.0,3.0,0.0,0.0,0.0,0,0.341111111,1,1,3,0,9999,
2,0,1,1,0,0,1,3,0,0,6.0,3.0,0.0,0.0,0.0,0,0.0,1,1,3,3,18,"2,3,4,5,6,7,8,9,78,79,80,81,82,83,84,85"
3,0,1,2,0,0,1,4,0,0,6.0,3.0,0.0,0.0,0.0,0,0.0,1,1,3,3,17,"2,3,4,5,6,7,8,9,10,77,78,79,80,81,82,83,84,85"
4,0,1,3,0,0,1,5,0,0,6.0,3.0,0.0,0.0,0.0,0,0.0,1,1,3,3,16,"2,3,4,5,6,7,8,9,10,11,76,77,78,79,80,81,82,83,84,85"
5,0,1,4,0,0,1,6,0,0,6.0,3.0,0.0,0.0,0.0,0,0.0,1,1,3,3,15,"2,3,4,5,6,7,8,9,10,11,12,75,76,77,78,79,80,81,82,83,84,85"
6,0,1,5,0,0,1,7,0,0,6.0,3.0,0.0,0.0,0.0,0,0.0,1,1,3,3,14,"2,3,4,5,6,7,8,9,10,11,12,13,74,75,76,77,78,79,80,81,82,83,84,85"
7,0,1,6,0,0,1,8,0,0,6.0,3.0,0.0,0.0,0.0,0,0.0,1,1,3,3,13,"2,3,4,5,6,7,8,9,10,11,12,13,14,73,74,75,76,77,78,79,80,81,82,83,84,85"
8,0,1,7,0,0,1,9,0,0,6.0,3.0,0.0,0.0,0.0,0,0.0,1,1,3,2,12,"2,3,4,5,6,7,8,9,10,11,12,13,14,15,72,73,74,75,76,77,78,79,80,81,82,83,84,85"
9,0,1,8,0,0,1,10,0,0,6.0,3.0,0.0,0.0,0.0,0,0.0,1,1,3,2,11,"2,3,4,5,6,7,8,9,10,11,12,13,14,15,16,71,72,73,74,75,76,77,78,79,80,81,82,83,84,85"
10,0,1,9,0,0,1,11,0,0,6.0,3.0,0.0,0.0,0.0,0,0.0,1,1,3,2,10,"3,4,5,6,7,8,9,10,11,12,13,14,15,16,17,70,71,72,73,74,75,76,77,78,79,80,81,82,83,84"
11,0,1,10,0,0,1,12,0,0,6.0,3.0,0.0,0.0,0.0,0,0.0,1,1,3,2,9,"4,5,6,7,8,9,10,11,12,13,14,15,16,17,18,20,22,69,70,71,72,73,74,75,76,77,78,79,80,81,82,83"
12,0,1,11,0,0,1,13,0,0,6.0,3.0,0.0,0.0,0.0,0,0.0,1,1,3,2,8,"5,6,7,8,9,10,11,12,13,14,15,16,17,18,19,20,21,22,23,68,69,70,71,72,73,74,75,76,77,78,79,80,81,82"
13,0,1,12,0,0,1,14,0,0,6.0,3.0,0.0,0.0,0.0,0,0.0,1,1,3,2,7,"6,7,8,9,10,11,12,13,14,15,16,17,18,19,20,21,22,23,68,69,70,71,72,73,74,75,76,77,78,79,80,81"
14,0,1,13,0,0,1,15,0,0,6.0,3.0,0.0,0.0,0.0,0,0.0,1,1,3,1,6,"7,8,9,10,11,12,13,14,15,16,17,18,19,20,21,22,23,68,69,70,71,72,73,74,75,76,77,78,79,80"
15,0,1,14,0,0,1,16,0,0,6.0,3.0,0.0,0.0,0.0,0,0.0,1,1,3,1,5,"8,9,10,11,12,13,14,15,16,17,18,19,20,21,22,23,68,69,70,71,72,73,74,75,76,77,78,79"
16,0,1,15,0,0,1,17,0,0,6.0,3.0,0.0,0.0,0.0,0,0.0,1,1,3,1,4,"9,10,11,12,13,14,15,16,17,18,19,20,21,22,23,68,69,70,71,72,73,74,75,76,77,78,105,109,113,166"
17,1,1,16,0,0,3,18,20,22,6.0,3.0,0.05,0.905,0.045,0,0.0,1,1,3,1,3,"10,11,12,13,14,15,16,17,18,19,20,21,22,23,68,69,70,71,72,73,74,75,76,77,24,61,64,67,114,151,158,165,104,105,108,109,112,113,166,167"
18,2,1,17,0,0,1,19,0,0,2.0,1.0,0.0,0.0,0.0,0,0.0,1,1,1,1,2,"11,12,13,14,15,16,17,18,19,20,21,22,23,68,69,70,71,72,73,74,75,76,24,25,60,61,63,64,66,67,114,115,150,151,157,158,164,165,103,104,105,107,108,109,111,112,113,166,167,168"
19,2,1,18,0,0,1,114,0,0,2.0,1.0,0.0,0.0,0.0,1,0.0,1,1,1,1,1,"12,13,14,15,16,17,18,19,20,21,22,23,68,69,70,71,72,73,74,75,24,25,26,59,60,61,62,63,64,65,66,67,114,115,116,149,150,151,156,157,158,163,164,165,102,103,104,105,106,107,108,109,110,111,112,113,166,167,168,169"
20,2,1,17,0,0,1,21,0,0,4.0,2.0,0.0,0.0,0.0,0,0.0,1,1,2,1,2,"11,12,13,14,15,16,17,18,19,20,21,22,23,68,69,70,71,72,73,74,75,76,24,25,60,61,63,64,66,67,114,115,150,151,157,158,164,165,103,104,105,107,108,109,111,112,113,166,167,168"
21,2,1,20,0,0,1,24,0,0,4.0,2.0,0.0,0.0,0.0,1,0.0,1,1,2,1,1,"12,13,14,15,16,17,18,19,20,21,22,23,68,69,70,71,72,73,74,75,24,25,26,59,60,61,62,63,64,65,66,67,114,115,116,149,150,151,156,157,158,163,164,165,102,103,104,105,106,107,108,109,110,111,112,113,166,167,168,169"
22,2,1,17,0,0,1,23,0,0,2.0,1.0,0.0,0.0,0.0,0,0.0,1,1,1,1,2,"11,12,13,14,15,16,17,18,19,20,21,22,23,68,69,70,71,72,73,74,75,76,24,25,60,61,63,64,66,67,114,115,150,151,157,158,164,165,103,104,105,107,108,109,111,112,113,166,167,168"
23,2,1,22,0,0,1,166,0,0,2.0,1.0,0.0,0.0,0.0,1,0.0,1,1,1,1,1,"12,13,14,15,16,17,18,19,20,21,22,23,68,69,70,71,72,73,74,75,24,25,26,59,60,61,62,63,64,65,66,67,114,115,116,149,150,151,156,157,158,163,164,165,102,103,104,105,106,107,108,109,110,111,112,113,166,167,168,169"
24,3,3,151,21,113,1,25,0,0,6.0,3.0,0.0,0.0,0.0,0,0.0,1,2,3,1,1,"24,25,26,27,28,29,30,31,54,55,56,57,58,59,60,61,62,63,64,65,66,67,17,18,19,20,21,22,23,68,69,70,114,115,116,149,150,151,156,157,158,163,164,165,102,103,104,105,106,107,108,109,110,111,112,113,166,167,168,169"
25,0,1,24,0,0,1,26,0,0,6.0,3.0,0.0,0.0,0.0,0,0.0,1,2,3,1,2,"24,25,26,27,28,29,30,31,32,53,54,55,56,57,58,59,60,61,62,63,64,65,66,67,18,19,20,21,22,23,68,69,114,115,150,151,157,158,164,165,103,104,105,107,108,109,111,112,113,166,167,168"
26,0,1,25,0,0,1,27,0,0,6.0,3.0,0.0,0.0,0.0,0,0.0,1,2,3,1,3,"24,25,26,27,28,29,30,31,32,33,52,53,54,55,56,57,58,59,60,61,62,63,64,65,66,67,19,21,23,68,114,151,158,165,104,105,108,109,112,113,166,167"
27,0,1,26,0,0,1,28,0,0,6.0,3.0,0.0,0.0,0.0,0,0.0,1,2,3,1,4,"24,25,26,27,28,29,30,31,32,33,34,51,52,53,54,55,56,57,58,59,60,61,62,63,64,65,66,67,105,109,113,166"
28,0,1,27,0,0,1,29,0,0,6.0,3.0,0.0,0.0,0.0,0,0.0,1,2,3,1,5,"24,25,26,27,28,29,30,31,32,33,34,35,50,51,52,53,54,55,56,57,58,59,60,61,62,63,64,65,66,67"
29,0,1,28,0,0,1,30,0,0,6.0,3.0,0.0,0.0,0.0,0,0.0,1,2,3,1,6,"24,25,26,27,28,29,30,31,32,33,34,35,36,49,50,51,52,53,54,55,56,57,58,59,60,61,62,63,64,65,66,67"
30,0,1,29,0,0,1,31,0,0,6.0,3.0,0.0,0.0,0.0,0,0.0,1,2,3,2,7,"24,25,26,27,28,29,30,31,32,33,34,35,36,37,48,49,50,51,52,53,54,55,56,57,58,59,60,61,62,63,64,65,66,67"
31,0,1,30,0,0,1,32,0,0,6.0,3.0,0.0,0.0,0.0,0,0.0,1,2,3,2,8,"24,25,26,27,28,29,30,31,32,33,34,35,36,37,38,47,48,49,50,51,52,53,54,55,56,57,58,59,60,61,62,63,64,65,66,67"
32,0,1,31,0,0,1,33,0,0,6.0,3.0,0.0,0.0,0.0,0,0.0,1,2,3,2,9,"25,26,27,28,29,30,31,32,33,34,35,36,37,38,39,46,47,48,49,50,51,52,53,54,55,56,57,58,59,60,62,63,65,66"
33,0,1,32,0,0,1,34,0,0,6.0,3.0,0.0,0.0,0.0,0,0.0,1,2,3,2,10,"26,27,28,29,30,31,32,33,34,35,36,37,38,39,40,45,46,47,48,49,50,51,52,53,54,55,56,57,58,59,62,65"
34,0,1,33,0,0,1,35,0,0,6.0,3.0,0.0,0.0,0.0,0,0.0,1,2,3,2,11,"27,28,29,30,31,32,33,34,35,36,37,38,39,40,41,44,45,46,47,48,49,50,51,52,53,54,55,56,57,58"
35,0,1,34,0,0,1,36,0,0,6.0,3.0,0.0,0.0,0.0,0,0.0,1,2,3,2,12,"28,29,30,31,32,33,34,35,36,37,38,39,40,41,44,45,46,47,48,49,50,51,52,53,54,55,56,57"
36,0,1,35,0,0,1,37,0,0,6.0,3.0,0.0,0.0,0.0,0,0.0,1,2,3,3,13,"29,30,31,32,33,34,35,36,37,38,39,40,41,44,45,46,47,48,49,50,51,52,53,54,55,56"
37,0,1,36,0,0,1,38,0,0,6.0,3.0,0.0,0.0,0.0,0,0.0,1,2,3,3,14,"30,31,32,33,34,35,36,37,38,39,40,41,44,45,46,47,48,49,50,51,52,53,54,55"
38,0,1,37,0,0,1,39,0,0,6.0,3.0,0.0,0.0,0.0,0,0.0,1,2,3,3,15,"31,32,33,34,35,36,37,38,39,40,41,44,45,46,47,48,49,50,51,52,53,54"
39,0,1,38,0,0,1,40,0,0,6.0,3.0,0.0,0.0,0.0,0,0.0,1,2,3,3,16,"32,33,34,35,36,37,38,39,40,41,44,45,46,47,48,49,50,51,52,53"
40,0,1,39,0,0,1,41,0,0,6.0,3.0,0.0,0.0,0.0,0,0.0,1,2,3,3,17,"33,34,35,36,37,38,39,40,41,44,45,46,47,48,49,50,51,52"
41,0,1,40,0,0,1,42,0,0,6.0,3.0,0.0,0.0,0.0,0,0.0,1,2,3,3,18,"34,35,36,37,38,39,40,41,44,45,46,47,48,49,50,51"
42,4,1,41,0,0,0,0,0,0,99999.0,3.0,0.0,0.0,0.0,0,0.0,1,2,3,0,9999,
43,5,0,0,0,0,1,44,0,0,99999.0,3.0,0.0,0.0,0.0,0,0.308888889,1,3,3,0,9999,
44,0,1,43,0,0,1,45,0,0,6.0,3.0,0.0,0.0,0.0,0,0.0,1,3,3,3,18,"44,45,46,47,48,49,50,51,34,35,36,37,38,39,40,41"
45,0,1,44,0,0,1,46,0,0,6.0,3.0,0.0,0.0,0.0,0,0.0,1,3,3,3,17,"44,45,46,47,48,49,50,51,52,33,34,35,36,37,38,39,40,41"
46,0,1,45,0,0,1,47,0,0,6.0,3.0,0.0,0.0,0.0,0,0.0,1,3,3,3,16,"44,45,46,47,48,49,50,51,52,53,32,33,34,35,36,37,38,39,40,41"
47,0,1,46,0,0,1,48,0,0,6.0,3.0,0.0,0.0,0.0,0,0.0,1,3,3,3,15,"44,45,46,47,48,49,50,51,52,53,54,31,32,33,34,35,36,37,38,39,40,41"
48,0,1,47,0,0,1,49,0,0,6.0,3.0,0.0,0.0,0.0,0,0.0,1,3,3,3,14,"44,45,46,47,48,49,50,51,52,53,54,55,30,31,32,33,34,35,36,37,38,39,40,41"
49,0,1,48,0,0,1,50,0,0,6.0,3.0,0.0,0.0,0.0,0,0.0,1,3,3,3,13,"44,45,46,47,48,49,50,51,52,53,54,55,56,29,30,31,32,33,34,35,36,37,38,39,40,41"
50,0,1,49,0,0,1,51,0,0,6.0,3.0,0.0,0.0,0.0,0,0.0,1,3,3,2,12,"44,45,46,47,48,49,50,51,52,53,54,55,56,57,28,29,30,31,32,33,34,35,36,37,38,39,40,41"
51,0,1,50,0,0,1,52,0,0,6.0,3.0,0.0,0.0,0.0,0,0.0,1,3,3,2,11,"44,45,46,47,48,49,50,51,52,53,54,55,56,57,58,27,28,29,30,31,32,33,34,35,36,37,38,39,40,41"
52,0,1,51,0,0,1,53,0,0,6.0,3.0,0.0,0.0,0.0,0,0.0,1,3,3,2,10,"45,46,47,48,49,50,51,52,53,54,55,56,57,58,59,62,65,26,27,28,29,30,31,32,33,34,35,36,37,38,39,40"
53,0,1,52,0,0,1,54,0,0,6.0,3.0,0.0,0.0,0.0,0,0.0,1,3,3,2,9,"46,47,48,49,50,51,52,53,54,55,56,57,58,59,60,62,63,65,66,25,26,27,28,29,30,31,32,33,34,35,36,37,38,39"
54,0,1,53,0,0,1,55,0,0,6.0,3.0,0.0,0.0,0.0,0,0.0,1,3,3,2,8,"47,48,49,50,51,52,53,54,55,56,57,58,59,60,61,62,63,64,65,66,67,24,25,26,27,28,29,30,31,32,33,34,35,36,37,38"
55,0,1,54,0,0,1,56,0,0,6.0,3.0,0.0,0.0,0.0,0,0.0,1,3,3,2,7,"48,49,50,51,52,53,54,55,56,57,58,59,60,61,62,63,64,65,66,67,24,25,26,27,28,29,30,31,32,33,34,35,36,37"
56,0,1,55,0,0,1,57,0,0,6.0,3.0,0.0,0.0,0.0,0,0.0,1,3,3,1,6,"49,50,51,52,53,54,55,56,57,58,59,60,61,62,63,64,65,66,67,24,25,26,27,28,29,30,31,32,33,34,35,36"
57,0,1,56,0,0,1,58,0,0,6.0,3.0,0.0,0.0,0.0,0,0.0,1,3,3,1,5,"50,51,52,53,54,55,56,57,58,59,60,61,62,63,64,65,66,67,24,25,26,27,28,29,30,31,32,33,34,35"
58,1,1,57,0,0,3,59,62,65,6.0,3.0,0.068,0.708,0.224,0,0.0,1,3,3,1,4,"51,52,53,54,55,56,57,58,59,60,61,62,63,64,65,66,67,24,25,26,27,28,29,30,31,32,33,34,114,151,158,165"
59,2,1,58,0,0,1,60,0,0,2.0,1.0,0.0,0.0,0.0,0,0.0,1,3,1,1,3,"52,53,54,55,56,57,58,59,60,61,62,63,64,65,66,67,24,25,26,27,28,29,30,31,32,33,19,21,23,68,105,109,113,166,114,115,150,151,157,158,164,165"
60,2,1,59,0,0,1,61,0,0,2.0,1.0,0.0,0.0,0.0,0,0.0,1,3,1,1,2,"53,54,55,56,57,58,59,60,61,62,63,64,65,66,67,24,25,26,27,28,29,30,31,32,18,19,20,21,22,23,68,69,104,105,108,109,112,113,166,167,114,115,116,149,150,151,156,157,158,163,164,165"
61,2,1,60,0,0,1,166,0,0,2.0,1.0,0.0,0.0,0.0,1,0.0,1,3,1,1,1,"54,55,56,57,58,59,60,61,62,63,64,65,66,67,24,25,26,27,28,29,30,31,17,18,19,20,21,22,23,68,69,70,103,104,105,107,108,109,111,112,113,166,167,168,114,115,116,117,148,149,150,151,155,156,157,158,162,163,164,165"
62,2,1,58,0,0,1,63,0,0,4.0,2.0,0.0,0.0,0.0,0,0.0,1,3,2,1,3,"52,53,54,55,56,57,58,59,60,61,62,63,64,65,66,67,24,25,26,27,28,29,30,31,32,33,19,21,23,68,105,109,113,166,114,115,150,151,157,158,164,165"
63,2,1,62,0,0,1,64,0,0,4.0,2.0,0.0,0.0,0.0,0,0.0,1,3,2,1,2,"53,54,55,56,57,58,59,60,61,62,63,64,65,66,67,24,25,26,27,28,29,30,31,32,18,19,20,21,22,23,68,69,104,105,108,109,112,113,166,167,114,115,116,149,150,151,156,157,158,163,164,165"
64,2,1,63,0,0,1,68,0,0,4.0,2.0,0.0,0.0,0.0,1,0.0,1,3,2,1,1,"54,55,56,57,58,59,60,61,62,63,64,65,66,67,24,25,26,27,28,29,30,31,17,18,19,20,21,22,23,68,69,70,103,104,105,107,108,109,111,112,113,166,167,168,114,115,116,117,148,149,150,151,155,156,157,158,162,163,164,165"
65,2,1,58,0,0,1,66,0,0,2.0,1.0,0.0,0.0,0.0,0,0.0,1,3,1,1,3,"52,53,54,55,56,57,58,59,60,61,62,63,64,65,66,67,24,25,26,27,28,29,30,31,32,33,19,21,23,68,105,109,113,166,114,115,150,151,157,158,164,165"
66,2,1,65,0,0,1,67,0,0,2.0,1.0,0.0,0.0,0.0,0,0.0,1,3,1,1,2,"53,54,55,56,57,58,59,60,61,62,63,64,65,66,67,24,25,26,27,28,29,30,31,32,18,19,20,21,22,23,68,69,104,105,108,109,112,113,166,167,114,115,116,149,150,151,156,157,158,163,164,165"
67,2,1,66,0,0,1,114,0,0,2.0,1.0,0.0,0.0,0.0,1,0.0,1,3,1,1,1,"54,55,56,57,58,59,60,61,62,63,64,65,66,67,24,25,26,27,28,29,30,31,17,18,19,20,21,22,23,68,69,70,103,104,105,107,108,109,111,112,113,166,167,168,114,115,116,117,148,149,150,151,155,156,157,158,162,163,164,165"
68,3,3,105,64,165,1,69,0,0,4.0,2.0,0.0,0.0,0.0,0,0.0,1,4,2,1,1,"68,69,70,71,72,73,74,75,12,13,14,15,16,17,18,19,20,21,22,23,24,25,26,59,60,61,62,63,64,65,66,67,103,104,105,107,108,109,111,112,113,166,167,168,114,115,116,117,148,149,150,151,155,156,157,158,162,163,164,165"
69,0,1,68,0,0,1,70,0,0,4.0,2.0,0.0,0.0,0.0,0,0.0,1,4,2,1,2,"68,69,70,71,72,73,74,75,76,11,12,13,14,15,16,17,18,19,20,21,22,23,24,25,60,61,63,64,66,67,104,105,108,109,112,113,166,167,114,115,116,149,150,151,156,157,158,163,164,165"
70,0,1,69,0,0,1,71,0,0,4.0,2.0,0.0,0.0,0.0,0,0.0,1,4,2,1,3,"68,69,70,71,72,73,74,75,76,77,10,11,12,13,14,15,16,17,18,19,20,21,22,23,24,61,64,67,105,109,113,166,114,115,150,151,157,158,164,165"
71,0,1,70,0,0,1,72,0,0,4.0,2.0,0.0,0.0,0.0,0,0.0,1,4,2,1,4,"68,69,70,71,72,73,74,75,76,77,78,9,10,11,12,13,14,15,16,17,18,19,20,21,22,23,114,151,158,165"
72,0,1,71,0,0,1,73,0,0,4.0,2.0,0.0,0.0,0.0,0,0.0,1,4,2,1,5,"68,69,70,71,72,73,74,75,76,77,78,79,8,9,10,11,12,13,14,15,16,17,18,19,20,21,22,23"
73,0,1,72,0,0,1,74,0,0,4.0,2.0,0.0,0.0,0.0,0,0.0,1,4,2,1,6,"68,69,70,71,72,73,74,75,76,77,78,79,80,7,8,9,10,11,12,13,14,15,16,17,18,19,20,21,22,23"
74,0,1,73,0,0,1,75,0,0,4.0,2.0,0.0,0.0,0.0,0,0.0,1,4,2,2,7,"68,69,70,71,72,73,74,75,76,77,78,79,80,81,6,7,8,9,10,11,12,13,14,15,16,17,18,19,20,21,22,23"
75,0,1,74,0,0,1,76,0,0,4.0,2.0,0.0,0.0,0.0,0,0.0,1,4,2,2,8,"68,69,70,71,72,73,74,75,76,77,78,79,80,81,82,5,6,7,8,9,10,11,12,13,14,15,16,17,18,19,20,21,22,23"
76,0,1,75,0,0,1,77,0,0,4.0,2.0,0.0,0.0,0.0,0,0.0,1,4,2,2,9,"69,70,71,72,73,74,75,76,77,78,79,80,81,82,83,4,5,6,7,8,9,10,11,12,13,14,15,16,17,18,20,22"
77,0,1,76,0,0,1,78,0,0,4.0,2.0,0.0,0.0,0.0,0,0.0,1,4,2,2,10,"70,71,72,73,74,75,76,77,78,79,80,81,82,83,84,3,4,5,6,7,8,9,10,11,12,13,14,15,16,17"
78,0,1,77,0,0,1,79,0,0,4.0,2.0,0.0,0.0,0.0,0,0.0,1,4,2,2,11,"71,72,73,74,75,76,77,78,79,80,81,82,83,84,85,2,3,4,5,6,7,8,9,10,11,12,13,14,15,16"
79,0,1,78,0,0,1,80,0,0,4.0,2.0,0.0,0.0,0.0,0,0.0,1,4,2,2,12,"72,73,74,75,76,77,78,79,80,81,82,83,84,85,2,3,4,5,6,7,8,9,10,11,12,13,14,15"
80,0,1,79,0,0,1,81,0,0,4.0,2.0,0.0,0.0,0.0,0,0.0,1,4,2,3,13,"73,74,75,76,77,78,79,80,81,82,83,84,85,2,3,4,5,6,7,8,9,10,11,12,13,14"
81,0,1,80,0,0,1,82,0,0,4.0,2.0,0.0,0.0,0.0,0,0.0,1,4,2,3,14,"74,75,76,77,78,79,80,81,82,83,84,85,2,3,4,5,6,7,8,9,10,11,12,13"
82,0,1,81,0,0,1,83,0,0,4.0,2.0,0.0,0.0,0.0,0,0.0,1,4,2,3,15,"75,76,77,78,79,80,81,82,83,84,85,2,3,4,5,6,7,8,9,10,11,12"
83,0,1,82,0,0,1,84,0,0,4.0,2.0,0.0,0.0,0.0,0,0.0,1,4,2,3,16,"76,77,78,79,80,81,82,83,84,85,2,3,4,5,6,7,8,9,10,11"
84,0,1,83,0,0,1,85,0,0,4.0,2.0,0.0,0.0,0.0,0,0.0,1,4,2,3,17,"77,78,79,80,81,82,83,84,85,2,3,4,5,6,7,8,9,10"
85,0,1,84,0,0,1,86,0,0,4.0,2.0,0.0,0.0,0.0,0,0.0,1,4,2,3,18,"78,79,80,81,82,83,84,85,2,3,4,5,6,7,8,9"
86,4,1,83,0,0,0,0,0,0,99999.0,2.0,0.0,0.0,0.0,0,0.0,1,4,2,0,9999,
87,5,0,0,0,0,1,88,0,0,99999.0,1.0,0.0,0.0,0.0,0,0.194166667,1,5,1,0,9999,
88,0,1,87,0,0,1,89,0,0,2.0,1.0,0.0,0.0,0.0,0,0.0,1,5,1,3,18,"88,89,90,91,92,93,94,95,176,177,178,179,180,181,182,183"
89,0,1,88,0,0,1,90,0,0,2.0,1.0,0.0,0.0,0.0,0,0.0,1,5,1,3,17,"88,89,90,91,92,93,94,95,96,175,176,177,178,179,180,181,182,183"
90,0,1,89,0,0,1,91,0,0,2.0,1.0,0.0,0.0,0.0,0,0.0,1,5,1,3,16,"88,89,90,91,92,93,94,95,96,97,174,175,176,177,178,179,180,181,182,183"
91,0,1,90,0,0,1,92,0,0,2.0,1.0,0.0,0.0,0.0,0,0.0,1,5,1,3,15,"88,89,90,91,92,93,94,95,96,97,98,173,174,175,176,177,178,179,180,181,182,183"
92,0,1,91,0,0,1,93,0,0,2.0,1.0,0.0,0.0,0.0,0,0.0,1,5,1,3,14,"88,89,90,91,92,93,94,95,96,97,98,99,172,173,174,175,176,177,178,179,180,181,182,183"
93,0,1,92,0,0,1,94,0,0,2.0,1.0,0.0,0.0,0.0,0,0.0,1,5,1,3,13,"88,89,90,91,92,93,94,95,96,97,98,99,100,171,172,173,174,175,176,177,178,179,180,181,182,183"
94,0,1,93,0,0,1,95,0,0,2.0,1.0,0.0,0.0,0.0,0,0.0,1,5,1,2,12,"88,89,90,91,92,93,94,95,96,97,98,99,100,101,170,171,172,173,174,175,176,177,178,179,180,181,182,183"
95,0,1,94,0,0,1,96,0,0,2.0,1.0,0.0,0.0,0.0,0,0.0,1,5,1,2,11,"88,89,90,91,92,93,94,95,96,97,98,99,100,101,102,106,110,169,170,171,172,173,174,175,176,177,178,179,180,181,182,183"
96,0,1,95,0,0,1,97,0,0,2.0,1.0,0.0,0.0,0.0,0,0.0,1,5,1,2,10,"89,90,91,92,93,94,95,96,97,98,99,100,101,102,103,106,107,110,111,168,169,170,171,172,173,174,175,176,177,178,179,180,181,182"
97,0,1,96,0,0,1,98,0,0,2.0,1.0,0.0,0.0,0.0,0,0.0,1,5,1,2,9,"90,91,92,93,94,95,96,97,98,99,100,101,102,103,104,106,107,108,110,111,112,167,168,169,170,171,172,173,174,175,176,177,178,179,180,181"
98,0,1,97,0,0,1,99,0,0,2.0,1.0,0.0,0.0,0.0,0,0.0,1,5,1,2,8,"91,92,93,94,95,96,97,98,99,100,101,102,103,104,105,106,107,108,109,110,111,112,113,166,167,168,169,170,171,172,173,174,175,176,177,178,179,180"
99,0,1,98,0,0,1,100,0,0,2.0,1.0,0.0,0.0,0.0,0,0.0,1,5,1,2,7,"92,93,94,95,96,97,98,99,100,101,102,103,104,105,106,107,108,109,110,111,112,113,166,167,168,169,170,171,172,173,174,175,176,177,178,179"
100,0,1,99,0,0,1,101,0,0,2.0,1.0,0.0,0.0,0.0,0,0.0,1,5,1,1,6,"93,94,95,96,97,98,99,100,101,102,103,104,105,106,107,108,109,110,111,112,113,166,167,168,169,170,171,172,173,174,175,176,177,178"
101,1,1,100,0,0,3,102,106,110,6.0,3.0,0.226,0.252,0.522,0,0.0,1,5,3,1,5,"94,95,96,97,98,99,100,101,102,103,104,105,106,107,108,109,110,111,112,113,166,167,168,169,170,171,172,173,174,175,176,177"
102,2,1,101,0,0,1,103,0,0,2.0,1.0,0.0,0.0,0.0,0,0.0,1,5,1,1,4,"95,96,97,98,99,100,101,102,103,104,105,106,107,108,109,110,111,112,113,166,167,168,169,170,171,172,173,174,175,176,24,61,64,67"
103,2,1,102,0,0,1,104,0,0,2.0,1.0,0.0,0.0,0.0,0,0.0,1,5,1,1,3,"96,97,98,99,100,101,102,103,104,105,106,107,108,109,110,111,112,113,166,167,168,169,170,171,172,173,174,175,114,151,158,165,19,21,23,68,24,25,60,61,63,64,66,67"
104,2,1,103,0,0,1,105,0,0,2.0,1.0,0.0,0.0,0.0,0,0.0,1,5,1,1,2,"97,98,99,100,101,102,103,104,105,106,107,108,109,110,111,112,113,166,167,168,169,170,171,172,173,174,114,115,150,151,157,158,164,165,18,19,20,21,22,23,68,69,24,25,26,59,60,61,62,63,64,65,66,67"
105,2,1,104,0,0,1,68,0,0,2.0,1.0,0.0,0.0,0.0,2,0.0,1,5,1,1,1,"98,99,100,101,102,103,104,105,106,107,108,109,110,111,112,113,166,167,168,169,170,171,172,173,114,115,116,149,150,151,156,157,158,163,164,165,17,18,19,20,21,22,23,68,69,70,24,25,26,27,58,59,60,61,62,63,64,65,66,67"
106,2,1,101,0,0,1,107,0,0,2.0,1.0,0.0,0.0,0.0,0,0.0,1,5,1,1,4,"95,96,97,98,99,100,101,102,103,104,105,106,107,108,109,110,111,112,113,166,167,168,169,170,171,172,173,174,175,176,24,61,64,67"
107,2,1,106,0,0,1,108,0,0,2.0,1.0,0.0,0.0,0.0,0,0.0,1,5,1,1,3,"96,97,98,99,100,101,102,103,104,105,106,107,108,109,110,111,112,113,166,167,168,169,170,171,172,173,174,175,114,151,158,165,19,21,23,68,24,25,60,61,63,64,66,67"
108,2,1,107,0,0,1,109,0,0,2.0,1.0,0.0,0.0,0.0,0,0.0,1,5,1,1,2,"97,98,99,100,101,102,103,104,105,106,107,108,109,110,111,112,113,166,167,168,169,170,171,172,173,174,114,115,150,151,157,158,164,165,18,19,20,21,22,23,68,69,24,25,26,59,60,61,62,63,64,65,66,67"
109,2,1,108,0,0,1,114,0,0,2.0,1.0,0.0,0.0,0.0,2,0.0,1,5,1,1,1,"98,99,100,101,102,103,104,105,106,107,108,109,110,111,112,113,166,167,168,169,170,171,172,173,114,115,116,149,150,151,156,157,158,163,164,165,17,18,19,20,21,22,23,68,69,70,24,25,26,27,58,59,60,61,62,63,64,65,66,67"
110,2,1,101,0,0,1,111,0,0,2.0,1.0,0.0,0.0,0.0,0,0.0,1,5,1,1,4,"95,96,97,98,99,100,101,102,103,104,105,106,107,108,109,110,111,112,113,166,167,168,169,170,171,172,173,174,175,176,24,61,64,67"
111,2,1,110,0,0,1,112,0,0,2.0,1.0,0.0,0.0,0.0,0,0.0,1,5,1,1,3,"96,97,98,99,100,101,102,103,104,105,106,107,108,109,110,111,112,113,166,167,168,169,170,171,172,173,174,175,114,151,158,165,19,21,23,68,24,25,60,61,63,64,66,67"
112,2,1,111,0,0,1,113,0,0,2.0,1.0,0.0,0.0,0.0,0,0.0,1,5,1,1,2,"97,98,99,100,101,102,103,104,105,106,107,108,109,110,111,112,113,166,167,168,169,170,171,172,173,174,114,115,150,151,157,158,164,165,18,19,20,21,22,23,68,69,24,25,26,59,60,61,62,63,64,65,66,67"
113,2,1,112,0,0,1,24,0,0,2.0,1.0,0.0,0.0,0.0,2,0.0,1,5,1,1,1,"98,99,100,101,102,103,104,105,106,107,108,109,110,111,112,113,166,167,168,169,170,171,172,173,114,115,116,149,150,151,156,157,158,163,164,165,17,18,19,20,21,22,23,68,69,70,24,25,26,27,58,59,60,61,62,63,64,65,66,67"
114,3,3,19,109,67,1,115,0,0,4.0,2.0,0.0,0.0,0.0,0,0.0,1,6,2,1,1,"114,115,116,117,118,119,120,121,144,145,146,147,148,149,150,151,152,153,154,155,156,157,158,159,160,161,162,163,164,165,103,104,105,107,108,109,111,112,113,166,167,168,17,18,19,20,21,22,23,68,69,70,24,25,26,27,58,59,60,61,62,63,64,65,66,67"
115,0,1,114,0,0,1,116,0,0,4.0,2.0,0.0,0.0,0.0,0,0.0,1,6,2,1,2,"114,115,116,117,118,119,120,121,122,143,144,145,146,147,148,149,150,151,152,153,154,155,156,157,158,159,160,161,162,163,164,165,104,105,108,109,112,113,166,167,18,19,20,21,22,23,68,69,24,25,26,59,60,61,62,63,64,65,66,67"
116,0,1,115,0,0,1,117,0,0,4.0,2.0,0.0,0.0,0.0,0,0.0,1,6,2,1,3,"114,115,116,117,118,119,120,121,122,123,142,143,144,145,146,147,148,149,150,151,152,153,154,155,156,157,158,159,160,161,162,163,164,165,105,109,113,166,19,21,23,68,24,25,60,61,63,64,66,67"
117,0,1,116,0,0,1,118,0,0,4.0,2.0,0.0,0.0,0.0,0,0.0,1,6,2,1,4,"114,115,116,117,118,119,120,121,122,123,124,141,142,143,144,145,146,147,148,149,150,151,152,153,154,155,156,157,158,159,160,161,162,163,164,165,24,61,64,67"
118,0,1,117,0,0,1,119,0,0,4.0,2.0,0.0,0.0,0.0,0,0.0,1,6,2,1,5,"114,115,116,117,118,119,120,121,122,123,124,125,140,141,142,143,144,145,146,147,148,149,150,151,152,153,154,155,156,157,158,159,160,161,162,163,164,165"
119,0,1,118,0,0,1,120,0,0,4.0,2.0,0.0,0.0,0.0,0,0.0,1,6,2,1,6,"114,115,116,117,118,119,120,121,122,123,124,125,126,139,140,141,142,143,144,145,146,147,148,149,150,151,152,153,154,155,156,157,158,159,160,161,162,163,164,165"
120,0,1,119,0,0,1,121,0,0,4.0,2.0,0.0,0.0,0.0,0,0.0,1,6,2,1,7,"114,115,116,117,118,119,120,121,122,123,124,125,126,127,138,139,140,141,142,143,144,145,146,147,148,149,150,151,152,153,154,155,156,157,158,159,160,161,162,163,164,165"
121,0,1,120,0,0,1,122,0,0,4.0,2.0,0.0,0.0,0.0,0,0.0,1,6,2,1,8,"114,115,116,117,118,119,120,121,122,123,124,125,126,127,128,137,138,139,140,141,142,143,144,145,146,147,148,149,150,151,152,153,154,155,156,157,158,159,160,161,162,163,164,165"
122,0,1,121,0,0,1,123,0,0,4.0,2.0,0.0,0.0,0.0,0,0.0,1,6,2,1,9,"115,116,117,118,119,120,121,122,123,124,125,126,127,128,129,136,137,138,139,140,141,142,143,144,145,146,147,148,149,150,152,153,154,155,156,157,159,160,161,162,163,164"
123,0,1,122,0,0,1,124,0,0,4.0,2.0,0.0,0.0,0.0,0,0.0,1,6,2,1,10,"116,117,118,119,120,121,122,123,124,125,126,127,128,129,130,135,136,137,138,139,140,141,142,143,144,145,146,147,148,149,152,153,154,155,156,159,160,161,162,163"
124,0,1,123,0,0,1,125,0,0,4.0,2.0,0.0,0.0,0.0,0,0.0,1,6,2,1,11,"117,118,119,120,121,122,123,124,125,126,127,128,129,130,131,134,135,136,137,138,139,140,141,142,143,144,145,146,147,148,152,153,154,155,159,160,161,162"
125,0,1,124,0,0,1,126,0,0,4.0,2.0,0.0,0.0,0.0,0,0.0,1,6,2,1,12,"118,119,120,121,122,123,124,125,126,127,128,129,130,131,134,135,136,137,138,139,140,141,142,143,144,145,146,147,152,153,154,159,160,161"
126,0,1,125,0,0,1,127,0,0,4.0,2.0,0.0,0.0,0.0,0,0.0,1,6,2,1,13,"119,120,121,122,123,124,125,126,127,128,129,130,131,134,135,136,137,138,139,140,141,142,143,144,145,146,152,153,159,160"
127,0,1,126,0,0,1,128,0,0,4.0,2.0,0.0,0.0,0.0,0,0.0,1,6,2,1,14,"120,121,122,123,124,125,126,127,128,129,130,131,134,135,136,137,138,139,140,141,142,143,144,145,152,159"
128,0,1,127,0,0,1,129,0,0,4.0,2.0,0.0,0.0,0.0,0,0.0,1,6,2,1,15,"121,122,123,124,125,126,127,128,129,130,131,134,135,136,137,138,139,140,141,142,143,144"
129,0,1,128,0,0,1,130,0,0,4.0,2.0,0.0,0.0,0.0,0,0.0,1,6,2,1,16,"122,123,124,125,126,127,128,129,130,131,134,135,136,137,138,139,140,141,142,143"
130,0,1,129,0,0,1,131,0,0,4.0,2.0,0.0,0.0,0.0,0,0.0,1,6,2,1,17,"123,124,125,126,127,128,129,130,131,134,135,136,137,138,139,140,141,142"
131,0,1,130,0,0,1,132,0,0,4.0,2.0,0.0,0.0,0.0,0,0.0,1,6,2,1,18,"124,125,126,127,128,129,130,131,134,135,136,137,138,139,140,141"
132,4,1,131,0,0,0,0,0,0,99999.0,2.0,0.0,0.0,0.0,0,0.0,1,6,2,0,9999,
133,5,0,0,0,0,1,134,0,0,99999.0,3.0,0.0,0.0,0.0,0,0.2125,1,7,3,0,9999,
134,0,1,133,0,0,1,135,0,0,6.0,3.0,0.0,0.0,0.0,0,0.0,1,7,3,3,18,"134,135,136,137,138,139,140,141,124,125,126,127,128,129,130,131"
135,0,1,134,0,0,1,136,0,0,6.0,3.0,0.0,0.0,0.0,0,0.0,1,7,3,3,17,"134,135,136,137,138,139,140,141,142,123,124,125,126,127,128,129,130,131"
136,0,1,135,0,0,1,137,0,0,6.0,3.0,0.0,0.0,0.0,0,0.0,1,7,3,3,16,"134,135,136,137,138,139,140,141,142,143,122,123,124,125,126,127,128,129,130,131"
137,0,1,136,0,0,1,138,0,0,6.0,3.0,0.0,0.0,0.0,0,0.0,1,7,3,3,15,"134,135,136,137,138,139,140,141,142,143,144,121,122,123,124,125,126,127,128,129,130,131"
138,0,1,137,0,0,1,139,0,0,6.0,3.0,0.0,0.0,0.0,0,0.0,1,7,3,3,14,"134,135,136,137,138,139,140,141,142,143,144,145,152,159,120,121,122,123,124,125,126,127,128,129,130,131"
139,0,1,138,0,0,1,140,0,0,6.0,3.0,0.0,0.0,0.0,0,0.0,1,7,3,3,13,"134,135,136,137,138,139,140,141,142,143,144,145,146,152,153,159,160,119,120,121,122,123,124,125,126,127,128,129,130,131"
140,0,1,139,0,0,1,141,0,0,6.0,3.0,0.0,0.0,0.0,0,0.0,1,7,3,2,12,"134,135,136,137,138,139,140,141,142,143,144,145,146,147,152,153,154,159,160,161,118,119,120,121,122,123,124,125,126,127,128,129,130,131"
141,0,1,140,0,0,1,142,0,0,6.0,3.0,0.0,0.0,0.0,0,0.0,1,7,3,2,11,"134,135,136,137,138,139,140,141,142,143,144,145,146,147,148,152,153,154,155,159,160,161,162,117,118,119,120,121,122,123,124,125,126,127,128,129,130,131"
142,0,1,141,0,0,1,143,0,0,6.0,3.0,0.0,0.0,0.0,0,0.0,1,7,3,2,10,"135,136,137,138,139,140,141,142,143,144,145,146,147,148,149,152,153,154,155,156,159,160,161,162,163,116,117,118,119,120,121,122,123,124,125,126,127,128,129,130"
143,0,1,142,0,0,1,144,0,0,6.0,3.0,0.0,0.0,0.0,0,0.0,1,7,3,2,9,"136,137,138,139,140,141,142,143,144,145,146,147,148,149,150,152,153,154,155,156,157,159,160,161,162,163,164,115,116,117,118,119,120,121,122,123,124,125,126,127,128,129"
144,1,1,143,0,0,3,145,152,159,6.0,3.0,0.133,0.15,0.717,0,0.0,1,7,3,2,8,"137,138,139,140,141,142,143,144,145,146,147,148,149,150,151,152,153,154,155,156,157,158,159,160,161,162,163,164,165,114,115,116,117,118,119,120,121,122,123,124,125,126,127,128"
145,2,1,144,0,0,1,146,0,0,4.0,2.0,0.0,0.0,0.0,0,0.0,1,7,2,1,7,"138,139,140,141,142,143,144,145,146,147,148,149,150,151,152,153,154,155,156,157,158,159,160,161,162,163,164,165,114,115,116,117,118,119,120,121,122,123,124,125,126,127"
146,2,1,145,0,0,1,147,0,0,4.0,2.0,0.0,0.0,0.0,0,0.0,1,7,2,1,6,"139,140,141,142,143,144,145,146,147,148,149,150,151,152,153,154,155,156,157,158,159,160,161,162,163,164,165,114,115,116,117,118,119,120,121,122,123,124,125,126"
147,2,1,146,0,0,1,148,0,0,4.0,2.0,0.0,0.0,0.0,0,0.0,1,7,2,1,5,"140,141,142,143,144,145,146,147,148,149,150,151,152,153,154,155,156,157,158,159,160,161,162,163,164,165,114,115,116,117,118,119,120,121,122,123,124,125"
148,2,1,147,0,0,1,149,0,0,4.0,2.0,0.0,0.0,0.0,0,0.0,1,7,2,1,4,"141,142,143,144,145,146,147,148,149,150,151,152,153,154,155,156,157,158,159,160,161,162,163,164,165,114,115,116,117,118,119,120,121,122,123,124,19,21,23,68"
149,2,1,148,0,0,1,150,0,0,4.0,2.0,0.0,0.0,0.0,0,0.0,1,7,2,1,3,"142,143,144,145,146,147,148,149,150,151,152,153,154,155,156,157,158,159,160,161,162,163,164,165,114,115,116,117,118,119,120,121,122,123,105,109,113,166,24,61,64,67,18,19,20,21,22,23,68,69"
150,2,1,149,0,0,1,151,0,0,4.0,2.0,0.0,0.0,0.0,0,0.0,1,7,2,1,2,"143,144,145,146,147,148,149,150,151,152,153,154,155,156,157,158,159,160,161,162,163,164,165,114,115,116,117,118,119,120,121,122,104,105,108,109,112,113,166,167,24,25,60,61,63,64,66,67,17,18,19,20,21,22,23,68,69,70"
151,2,1,150,0,0,1,24,0,0,4.0,2.0,0.0,0.0,0.0,3,0.0,1,7,2,1,1,"144,145,146,147,148,149,150,151,152,153,154,155,156,157,158,159,160,161,162,163,164,165,114,115,116,117,118,119,120,121,103,104,105,107,108,109,111,112,113,166,167,168,24,25,26,59,60,61,62,63,64,65,66,67,16,17,18,19,20,21,22,23,68,69,70,71"
152,2,1,144,0,0,1,153,0,0,2.0,1.0,0.0,0.0,0.0,0,0.0,1,7,1,1,7,"138,139,140,141,142,143,144,145,146,147,148,149,150,151,152,153,154,155,156,157,158,159,160,161,162,163,164,165,114,115,116,117,118,119,120,121,122,123,124,125,126,127"
153,2,1,152,0,0,1,154,0,0,2.0,1.0,0.0,0.0,0.0,0,0.0,1,7,1,1,6,"139,140,141,142,143,144,145,146,147,148,149,150,151,152,153,154,155,156,157,158,159,160,161,162,163,164,165,114,115,116,117,118,119,120,121,122,123,124,125,126"
154,2,1,153,0,0,1,155,0,0,2.0,1.0,0.0,0.0,0.0,0,0.0,1,7,1,1,5,"140,141,142,143,144,145,146,147,148,149,150,151,152,153,154,155,156,157,158,159,160,161,162,163,164,165,114,115,116,117,118,119,120,121,122,123,124,125"
155,2,1,154,0,0,1,156,0,0,2.0,1.0,0.0,0.0,0.0,0,0.0,1,7,1,1,4,"141,142,143,144,145,146,147,148,149,150,151,152,153,154,155,156,157,158,159,160,161,162,163,164,165,114,115,116,117,118,119,120,121,122,123,124,19,21,23,68"
156,2,1,155,0,0,1,157,0,0,2.0,1.0,0.0,0.0,0.0,0,0.0,1,7,1,1,3,"142,143,144,145,146,147,148,149,150,151,152,153,154,155,156,157,158,159,160,161,162,163,164,165,114,115,116,117,118,119,120,121,122,123,105,109,113,166,24,61,64,67,18,19,20,21,22,23,68,69"
157,2,1,156,0,0,1,158,0,0,2.0,1.0,0.0,0.0,0.0,0,0.0,1,7,1,1,2,"143,144,145,146,147,148,149,150,151,152,153,154,155,156,157,158,159,160,161,162,163,164,165,114,115,116,117,118,119,120,121,122,104,105,108,109,112,113,166,167,24,25,60,61,63,64,66,67,17,18,19,20,21,22,23,68,69,70"
158,2,1,157,0,0,1,166,0,0,2.0,1.0,0.0,0.0,0.0,3,0.0,1,7,1,1,1,"144,145,146,147,148,149,150,151,152,153,154,155,156,157,158,159,160,161,162,163,164,165,114,115,116,117,118,119,120,121,103,104,105,107,108,109,111,112,113,166,167,168,24,25,26,59,60,61,62,63,64,65,66,67,16,17,18,19,20,21,22,23,68,69,70,71"
159,2,1,144,0,0,1,160,0,0,2.0,1.0,0.0,0.0,0.0,0,0.0,1,7,1,1,7,"138,139,140,141,142,143,144,145,146,147,148,149,150,151,152,153,154,155,156,157,158,159,160,161,162,163,164,165,114,115,116,117,118,119,120,121,122,123,124,125,126,127"
160,2,1,159,0,0,1,161,0,0,2.0,1.0,0.0,0.0,0.0,0,0.0,1,7,1,1,6,"139,140,141,142,143,144,145,146,147,148,149,150,151,152,153,154,155,156,157,158,159,160,161,162,163,164,165,114,115,116,117,118,119,120,121,122,123,124,125,126"
161,2,1,160,0,0,1,162,0,0,2.0,1.0,0.0,0.0,0.0,0,0.0,1,7,1,1,5,"140,141,142,143,144,145,146,147,148,149,150,151,152,153,154,155,156,157,158,159,160,161,162,163,164,165,114,115,116,117,118,119,120,121,122,123,124,125"
162,2,1,161,0,0,1,163,0,0,2.0,1.0,0.0,0.0,0.0,0,0.0,1,7,1,1,4,"141,142,143,144,145,146,147,148,149,150,151,152,153,154,155,156,157,158,159,160,161,162,163,164,165,114,115,116,117,118,119,120,121,122,123,124,19,21,23,68"
163,2,1,162,0,0,1,164,0,0,2.0,1.0,0.0,0.0,0.0,0,0.0,1,7,1,1,3,"142,143,144,145,146,147,148,149,150,151,152,153,154,155,156,157,158,159,160,161,162,163,164,165,114,115,116,117,118,119,120,121,122,123,105,109,113,166,24,61,64,67,18,19,20,21,22,23,68,69"
164,2,1,163,0,0,1,165,0,0,2.0,1.0,0.0,0.0,0.0,0,0.0,1,7,1,1,2,"143,144,145,146,147,148,149,150,151,152,153,154,155,156,157,158,159,160,161,162,163,164,165,114,115,116,117,118,119,120,121,122,104,105,108,109,112,113,166,167,24,25,60,61,63,64,66,67,17,18,19,20,21,22,23,68,69,70"
165,2,1,164,0,0,1,68,0,0,2.0,1.0,0.0,0.0,0.0,3,0.0,1,7,1,1,1,"144,145,146,147,148,149,150,151,152,153,154,155,156,157,158,159,160,161,162,163,164,165,114,115,116,117,118,119,120,121,103,104,105,107,108,109,111,112,113,166,167,168,24,25,26,59,60,61,62,63,64,65,66,67,16,17,18,19,20,21,22,23,68,69,70,71"
166,3,3,61,158,23,1,167,0,0,4.0,2.0,0.0,0.0,0.0,0,0.0,1,8,2,1,1,"166,167,168,169,170,171,172,173,98,99,100,101,102,103,104,105,106,107,108,109,110,111,112,113,114,115,116,149,150,151,156,157,158,163,164,165,24,25,26,59,60,61,62,63,64,65,66,67,16,17,18,19,20,21,22,23,68,69,70,71"
167,0,1,166,0,0,1,168,0,0,4.0,2.0,0.0,0.0,0.0,0,0.0,1,8,2,1,2,"166,167,168,169,170,171,172,173,174,97,98,99,100,101,102,103,104,105,106,107,108,109,110,111,112,113,114,115,150,151,157,158,164,165,24,25,60,61,63,64,66,67,17,18,19,20,21,22,23,68,69,70"
168,0,1,167,0,0,1,169,0,0,4.0,2.0,0.0,0.0,0.0,0,0.0,1,8,2,1,3,"166,167,168,169,170,171,172,173,174,175,96,97,98,99,100,101,102,103,104,105,106,107,108,109,110,111,112,113,114,151,158,165,24,61,64,67,18,19,20,21,22,23,68,69"
169,0,1,168,0,0,1,170,0,0,4.0,2.0,0.0,0.0,0.0,0,0.0,1,8,2,1,4,"166,167,168,169,170,171,172,173,174,175,176,95,96,97,98,99,100,101,102,103,104,105,106,107,108,109,110,111,112,113,19,21,23,68"
170,0,1,169,0,0,1,171,0,0,4.0,2.0,0.0,0.0,0.0,0,0.0,1,8,2,1,5,"166,167,168,169,170,171,172,173,174,175,176,177,94,95,96,97,98,99,100,101,102,103,104,105,106,107,108,109,110,111,112,113"
171,0,1,170,0,0,1,172,0,0,4.0,2.0,0.0,0.0,0.0,0,0.0,1,8,2,1,6,"166,167,168,169,170,171,172,173,174,175,176,177,178,93,94,95,96,97,98,99,100,101,102,103,104,105,106,107,108,109,110,111,112,113"
172,0,1,171,0,0,1,173,0,0,4.0,2.0,0.0,0.0,0.0,0,0.0,1,8,2,1,7,"166,167,168,169,170,171,172,173,174,175,176,177,178,179,92,93,94,95,96,97,98,99,100,101,102,103,104,105,106,107,108,109,110,111,112,113"
173,0,1,172,0,0,1,174,0,0,4.0,2.0,0.0,0.0,0.0,0,0.0,1,8,2,1,8,"166,167,168,169,170,171,172,173,174,175,176,177,178,179,180,91,92,93,94,95,96,97,98,99,100,101,102,103,104,105,106,107,108,109,110,111,112,113"
174,0,1,173,0,0,1,175,0,0,4.0,2.0,0.0,0.0,0.0,0,0.0,1,8,2,1,9,"167,168,169,170,171,172,173,174,175,176,177,178,179,180,181,90,91,92,93,94,95,96,97,98,99,100,101,102,103,104,106,107,108,110,111,112"
175,0,1,174,0,0,1,176,0,0,4.0,2.0,0.0,0.0,0.0,0,0.0,1,8,2,1,10,"168,169,170,171,172,173,174,175,176,177,178,179,180,181,182,89,90,91,92,93,94,95,96,97,98,99,100,101,102,103,106,107,110,111"
176,0,1,175,0,0,1,177,0,0,4.0,2.0,0.0,0.0,0.0,0,0.0,1,8,2,1,11,"169,170,171,172,173,174,175,176,177,178,179,180,181,182,183,88,89,90,91,92,93,94,95,96,97,98,99,100,101,102,106,110"
177,0,1,176,0,0,1,178,0,0,4.0,2.0,0.0,0.0,0.0,0,0.0,1,8,2,1,12,"170,171,172,173,174,175,176,177,178,179,180,181,182,183,88,89,90,91,92,93,94,95,96,97,98,99,100,101"
178,0,1,177,0,0,1,179,0,0,4.0,2.0,0.0,0.0,0.0,0,0.0,1,8,2,1,13,"171,172,173,174,175,176,177,178,179,180,181,182,183,88,89,90,91,92,93,94,95,96,97,98,99,100"
179,0,1,178,0,0,1,180,0,0,4.0,2.0,0.0,0.0,0.0,0,0.0,1,8,2,1,14,"172,173,174,175,176,177,178,179,180,181,182,183,88,89,90,91,92,93,94,95,96,97,98,99"
180,0,1,179,0,0,1,181,0,0,4.0,2.0,0.0,0.0,0.0,0,0.0,1,8,2,1,15,"173,174,175,176,177,178,179,180,181,182,183,88,89,90,91,92,93,94,95,96,97,98"
181,0,1,180,0,0,1,182,0,0,4.0,2.0,0.0,0.0,0.0,0,0.0,1,8,2,1,16,"174,175,176,177,178,179,180,181,182,183,88,89,90,91,92,93,94,95,96,97"
182,0,1,181,0,0,1,183,0,0,4.0,2.0,0.0,0.0,0.0,0,0.0,1,8,2,1,17,"175,176,177,178,179,180,181,182,183,88,89,90,91,92,93,94,95,96"
183,0,1,182,0,0,1,184,0,0,4.0,2.0,0.0,0.0,0.0,0,0.0,1,8,2,1,18,"176,177,178,179,180,181,182,183,88,89,90,91,92,93,94,95"
184,4,1,183,0,0,0,0,0,0,99999.0,2.0,0.0,0.0,0.0,0,0.0,1,8,2,0,9999,
