<?xml version="1.0" encoding="UTF-8"?>

<!-- generated on 2021年01月16日 星期六 00时34分21秒 by Eclipse SUMO netedit Version 1.8.0
<configuration xmlns:xsi="http://www.w3.org/2001/XMLSchema-instance" xsi:noNamespaceSchemaLocation="http://sumo.dlr.de/xsd/netconvertConfiguration.xsd">

    <output>
        <output-file value="/home/cyx666/TSC/DRL-for-Traffic-Control/sumolight-wz/networks/1Lane/1_1.net.xml"/>
    </output>

    <processing>
        <offset.disable-normalization value="true"/>
    </processing>

    <junctions>
        <no-turnarounds value="true"/>
    </junctions>

    <report>
        <aggregate-warnings value="5"/>
    </report>

</configuration>
-->

<net version="1.6" junctionCornerDetail="5" limitTurnSpeed="5.50" xmlns:xsi="http://www.w3.org/2001/XMLSchema-instance" xsi:noNamespaceSchemaLocation="http://sumo.dlr.de/xsd/net_file.xsd">

    <location netOffset="0.00,0.00" convBoundary="-300.00,-300.00,300.00,300.00" origBoundary="10000000000.00,10000000000.00,-10000000000.00,-10000000000.00" projParameter="!"/>

    <edge id=":gneJ0_0" function="internal">
        <lane id=":gneJ0_0_0" index="0" speed="6.51" length="9.03" shape="-1.60,7.20 -1.95,4.75 -3.00,3.00 -4.75,1.95 -7.20,1.60"/>
    </edge>
    <edge id=":gneJ0_1" function="internal">
        <lane id=":gneJ0_1_0" index="0" speed="13.89" length="14.40" shape="-1.60,7.20 -1.60,-7.20"/>
    </edge>
    <edge id=":gneJ0_2" function="internal">
        <lane id=":gneJ0_2_0" index="0" speed="8.00" length="5.93" shape="-1.60,7.20 -1.05,3.35 -0.00,1.60"/>
    </edge>
    <edge id=":gneJ0_12" function="internal">
        <lane id=":gneJ0_12_0" index="0" speed="8.00" length="8.26" shape="-0.00,1.60 0.60,0.60 3.35,-1.05 7.20,-1.60"/>
    </edge>
    <edge id=":gneJ0_3" function="internal">
        <lane id=":gneJ0_3_0" index="0" speed="6.51" length="9.03" shape="7.20,1.60 4.75,1.95 3.00,3.00 1.95,4.75 1.60,7.20"/>
    </edge>
    <edge id=":gneJ0_4" function="internal">
        <lane id=":gneJ0_4_0" index="0" speed="13.89" length="14.40" shape="7.20,1.60 -7.20,1.60"/>
    </edge>
    <edge id=":gneJ0_5" function="internal">
        <lane id=":gneJ0_5_0" index="0" speed="8.00" length="5.93" shape="7.20,1.60 3.35,1.05 1.60,0.00"/>
    </edge>
    <edge id=":gneJ0_13" function="internal">
        <lane id=":gneJ0_13_0" index="0" speed="8.00" length="8.26" shape="1.60,0.00 0.60,-0.60 -1.05,-3.35 -1.60,-7.20"/>
    </edge>
    <edge id=":gneJ0_6" function="internal">
        <lane id=":gneJ0_6_0" index="0" speed="6.51" length="9.03" shape="1.60,-7.20 1.95,-4.75 3.00,-3.00 4.75,-1.95 7.20,-1.60"/>
    </edge>
    <edge id=":gneJ0_7" function="internal">
        <lane id=":gneJ0_7_0" index="0" speed="13.89" length="14.40" shape="1.60,-7.20 1.60,7.20"/>
    </edge>
    <edge id=":gneJ0_8" function="internal">
        <lane id=":gneJ0_8_0" index="0" speed="8.00" length="5.93" shape="1.60,-7.20 1.05,-3.35 0.00,-1.60"/>
    </edge>
    <edge id=":gneJ0_14" function="internal">
        <lane id=":gneJ0_14_0" index="0" speed="8.00" length="8.26" shape="0.00,-1.60 -0.60,-0.60 -3.35,1.05 -7.20,1.60"/>
    </edge>
    <edge id=":gneJ0_9" function="internal">
        <lane id=":gneJ0_9_0" index="0" speed="6.51" length="9.03" shape="-7.20,-1.60 -4.75,-1.95 -3.00,-3.00 -1.95,-4.75 -1.60,-7.20"/>
    </edge>
    <edge id=":gneJ0_10" function="internal">
        <lane id=":gneJ0_10_0" index="0" speed="13.89" length="14.40" shape="-7.20,-1.60 7.20,-1.60"/>
    </edge>
    <edge id=":gneJ0_11" function="internal">
        <lane id=":gneJ0_11_0" index="0" speed="8.00" length="5.93" shape="-7.20,-1.60 -3.35,-1.05 -1.60,-0.00"/>
    </edge>
    <edge id=":gneJ0_15" function="internal">
        <lane id=":gneJ0_15_0" index="0" speed="8.00" length="8.26" shape="-1.60,-0.00 -0.60,0.60 1.05,3.35 1.60,7.20"/>
    </edge>
    <edge id=":gneJ1_0" function="internal">
        <lane id=":gneJ1_0_0" index="0" speed="13.89" length="0.10" shape="100.00,1.60 100.00,1.60"/>
    </edge>
    <edge id=":gneJ1_1" function="internal">
        <lane id=":gneJ1_1_0" index="0" speed="13.89" length="0.10" shape="100.00,-1.60 100.00,-1.60"/>
    </edge>
    <edge id=":gneJ11_0" function="internal">
        <lane id=":gneJ11_0_0" index="0" speed="13.89" length="0.10" shape="-1.60,-200.00 -1.60,-200.00"/>
    </edge>
    <edge id=":gneJ11_1" function="internal">
        <lane id=":gneJ11_1_0" index="0" speed="13.89" length="0.10" shape="1.60,-200.00 1.60,-200.00"/>
    </edge>
    <edge id=":gneJ12_0" function="internal">
        <lane id=":gneJ12_0_0" index="0" speed="13.89" length="0.10" shape="-1.60,-100.00 -1.60,-100.00"/>
    </edge>
    <edge id=":gneJ12_1" function="internal">
        <lane id=":gneJ12_1_0" index="0" speed="13.89" length="0.10" shape="1.60,-100.00 1.60,-100.00"/>
    </edge>
    <edge id=":gneJ2_0" function="internal">
        <lane id=":gneJ2_0_0" index="0" speed="13.89" length="0.10" shape="200.00,1.60 200.00,1.60"/>
    </edge>
    <edge id=":gneJ2_1" function="internal">
        <lane id=":gneJ2_1_0" index="0" speed="13.89" length="0.10" shape="200.00,-1.60 200.00,-1.60"/>
    </edge>
    <edge id=":gneJ5_0" function="internal">
        <lane id=":gneJ5_0_0" index="0" speed="13.89" length="0.10" shape="-200.00,1.60 -200.00,1.60"/>
    </edge>
    <edge id=":gneJ5_1" function="internal">
        <lane id=":gneJ5_1_0" index="0" speed="13.89" length="0.10" shape="-200.00,-1.60 -200.00,-1.60"/>
    </edge>
    <edge id=":gneJ6_0" function="internal">
        <lane id=":gneJ6_0_0" index="0" speed="13.89" length="0.10" shape="-100.00,1.60 -100.00,1.60"/>
    </edge>
    <edge id=":gneJ6_1" function="internal">
        <lane id=":gneJ6_1_0" index="0" speed="13.89" length="0.10" shape="-100.00,-1.60 -100.00,-1.60"/>
    </edge>
    <edge id=":gneJ7_0" function="internal">
        <lane id=":gneJ7_0_0" index="0" speed="13.89" length="0.10" shape="-1.60,100.00 -1.60,100.00"/>
    </edge>
    <edge id=":gneJ7_1" function="internal">
        <lane id=":gneJ7_1_0" index="0" speed="13.89" length="0.10" shape="1.60,100.00 1.60,100.00"/>
    </edge>
    <edge id=":gneJ8_0" function="internal">
        <lane id=":gneJ8_0_0" index="0" speed="13.89" length="0.10" shape="-1.60,200.00 -1.60,200.00"/>
    </edge>
    <edge id=":gneJ8_1" function="internal">
        <lane id=":gneJ8_1_0" index="0" speed="13.89" length="0.10" shape="1.60,200.00 1.60,200.00"/>
    </edge>

    <edge id="-gneE0" from="gneJ1" to="gneJ0" priority="-1">
        <lane id="-gneE0_0" index="0" speed="13.89" length="92.80" shape="100.00,1.60 7.20,1.60"/>
    </edge>
    <edge id="-gneE1" from="gneJ2" to="gneJ1" priority="-1">
        <lane id="-gneE1_0" index="0" speed="13.89" length="100.00" shape="200.00,1.60 100.00,1.60"/>
    </edge>
    <edge id="-gneE10" from="gneJ12" to="gneJ11" priority="-1">
        <lane id="-gneE10_0" index="0" speed="13.89" length="100.00" shape="-1.60,-100.00 -1.60,-200.00"/>
    </edge>
    <edge id="-gneE11" from="gneJ0" to="gneJ12" priority="-1">
        <lane id="-gneE11_0" index="0" speed="13.89" length="92.80" shape="-1.60,-7.20 -1.60,-100.00"/>
    </edge>
    <edge id="-gneE2" from="gneJ3" to="gneJ2" priority="-1">
        <lane id="-gneE2_0" index="0" speed="13.89" length="100.00" shape="300.00,1.60 200.00,1.60"/>
    </edge>
    <edge id="-gneE3" from="gneJ5" to="gneJ4" priority="-1">
        <lane id="-gneE3_0" index="0" speed="13.89" length="100.00" shape="-200.00,1.60 -300.00,1.60"/>
    </edge>
    <edge id="-gneE4" from="gneJ6" to="gneJ5" priority="-1">
        <lane id="-gneE4_0" index="0" speed="13.89" length="100.00" shape="-100.00,1.60 -200.00,1.60"/>
    </edge>
    <edge id="-gneE5" from="gneJ0" to="gneJ6" priority="-1">
        <lane id="-gneE5_0" index="0" speed="13.89" length="92.80" shape="-7.20,1.60 -100.00,1.60"/>
    </edge>
    <edge id="-gneE6" from="gneJ7" to="gneJ0" priority="-1">
        <lane id="-gneE6_0" index="0" speed="13.89" length="92.80" shape="-1.60,100.00 -1.60,7.20"/>
    </edge>
    <edge id="-gneE7" from="gneJ8" to="gneJ7" priority="-1">
        <lane id="-gneE7_0" index="0" speed="13.89" length="100.00" shape="-1.60,200.00 -1.60,100.00"/>
    </edge>
    <edge id="-gneE8" from="gneJ9" to="gneJ8" priority="-1">
        <lane id="-gneE8_0" index="0" speed="13.89" length="100.00" shape="-1.60,300.00 -1.60,200.00"/>
    </edge>
    <edge id="-gneE9" from="gneJ11" to="gneJ10" priority="-1">
        <lane id="-gneE9_0" index="0" speed="13.89" length="100.00" shape="-1.60,-200.00 -1.60,-300.00"/>
    </edge>
    <edge id="gneE0" from="gneJ0" to="gneJ1" priority="-1">
        <lane id="gneE0_0" index="0" speed="13.89" length="92.80" shape="7.20,-1.60 100.00,-1.60"/>
    </edge>
    <edge id="gneE1" from="gneJ1" to="gneJ2" priority="-1">
        <lane id="gneE1_0" index="0" speed="13.89" length="100.00" shape="100.00,-1.60 200.00,-1.60"/>
    </edge>
    <edge id="gneE10" from="gneJ11" to="gneJ12" priority="-1">
        <lane id="gneE10_0" index="0" speed="13.89" length="100.00" shape="1.60,-200.00 1.60,-100.00"/>
    </edge>
    <edge id="gneE11" from="gneJ12" to="gneJ0" priority="-1">
        <lane id="gneE11_0" index="0" speed="13.89" length="92.80" shape="1.60,-100.00 1.60,-7.20"/>
    </edge>
    <edge id="gneE2" from="gneJ2" to="gneJ3" priority="-1">
        <lane id="gneE2_0" index="0" speed="13.89" length="100.00" shape="200.00,-1.60 300.00,-1.60"/>
    </edge>
    <edge id="gneE3" from="gneJ4" to="gneJ5" priority="-1">
        <lane id="gneE3_0" index="0" speed="13.89" length="100.00" shape="-300.00,-1.60 -200.00,-1.60"/>
    </edge>
    <edge id="gneE4" from="gneJ5" to="gneJ6" priority="-1">
        <lane id="gneE4_0" index="0" speed="13.89" length="100.00" shape="-200.00,-1.60 -100.00,-1.60"/>
    </edge>
    <edge id="gneE5" from="gneJ6" to="gneJ0" priority="-1">
        <lane id="gneE5_0" index="0" speed="13.89" length="92.80" shape="-100.00,-1.60 -7.20,-1.60"/>
    </edge>
    <edge id="gneE6" from="gneJ0" to="gneJ7" priority="-1">
        <lane id="gneE6_0" index="0" speed="13.89" length="92.80" shape="1.60,7.20 1.60,100.00"/>
    </edge>
    <edge id="gneE7" from="gneJ7" to="gneJ8" priority="-1">
        <lane id="gneE7_0" index="0" speed="13.89" length="100.00" shape="1.60,100.00 1.60,200.00"/>
    </edge>
    <edge id="gneE8" from="gneJ8" to="gneJ9" priority="-1">
        <lane id="gneE8_0" index="0" speed="13.89" length="100.00" shape="1.60,200.00 1.60,300.00"/>
    </edge>
    <edge id="gneE9" from="gneJ10" to="gneJ11" priority="-1">
        <lane id="gneE9_0" index="0" speed="13.89" length="100.00" shape="1.60,-300.00 1.60,-200.00"/>
    </edge>

    <tlLogic id="gneJ0" type="static" programID="0" offset="0">
        <phase duration="42" state="GGgrrrGGgrrr"/>
        <phase duration="3"  state="yyyrrryyyrrr"/>
        <phase duration="42" state="rrrGGgrrrGGg"/>
        <phase duration="3"  state="rrryyyrrryyy"/>
    </tlLogic>
    
    <tlLogic id="gneJ0" type="static" programID="4p" offset="0">
        <phase duration="42" state="GGgrrrrrrrrr"/>
        <phase duration="3"  state="yyyrrrrrrrrr"/>
        <phase duration="42" state="rrrGGgrrrrrr"/>
        <phase duration="3"  state="rrryyyrrrrrr"/>
        <phase duration="42" state="rrrrrrGGgrrr"/>
        <phase duration="3"  state="rrrrrryyyrrr"/>
        <phase duration="42" state="rrrrrrrrrGGg"/>
        <phase duration="3"  state="rrrrrrrrryyy"/>
    </tlLogic>

    <junction id="gneJ0" type="traffic_light" x="0.00" y="0.00" incLanes="-gneE6_0 -gneE0_0 gneE11_0 gneE5_0" intLanes=":gneJ0_0_0 :gneJ0_1_0 :gneJ0_12_0 :gneJ0_3_0 :gneJ0_4_0 :gneJ0_13_0 :gneJ0_6_0 :gneJ0_7_0 :gneJ0_14_0 :gneJ0_9_0 :gneJ0_10_0 :gneJ0_15_0" shape="-3.20,7.20 3.20,7.20 3.64,4.98 4.20,4.20 4.98,3.64 5.98,3.31 7.20,3.20 7.20,-3.20 4.98,-3.64 4.20,-4.20 3.64,-4.98 3.31,-5.98 3.20,-7.20 -3.20,-7.20 -3.64,-4.98 -4.20,-4.20 -4.98,-3.64 -5.98,-3.31 -7.20,-3.20 -7.20,3.20 -4.98,3.64 -4.20,4.20 -3.64,4.98 -3.31,5.98">
        <request index="0"  response="000000000000" foes="000100010000" cont="0"/>
        <request index="1"  response="100000100000" foes="111100110000" cont="0"/>
        <request index="2"  response="100011100000" foes="110011110000" cont="1"/>
        <request index="3"  response="000010000000" foes="100010000000" cont="0"/>
        <request index="4"  response="000110000111" foes="100110000111" cont="0"/>
        <request index="5"  response="011110000110" foes="011110000110" cont="1"/>
        <request index="6"  response="000000000000" foes="010000000100" cont="0"/>
        <request index="7"  response="100000100000" foes="110000111100" cont="0"/>
        <request index="8"  response="100000100011" foes="110000110011" cont="1"/>
        <request index="9"  response="000000000010" foes="000000100010" cont="0"/>
        <request index="10" response="000111000110" foes="000111100110" cont="0"/>
        <request index="11" response="000110011110" foes="000110011110" cont="1"/>
    </junction>
    <junction id="gneJ1" type="priority" x="100.00" y="0.00" incLanes="-gneE1_0 gneE0_0" intLanes=":gneJ1_0_0 :gneJ1_1_0" shape="100.00,3.20 100.00,-3.20 100.00,3.20">
        <request index="0" response="00" foes="00" cont="0"/>
        <request index="1" response="00" foes="00" cont="0"/>
    </junction>
    <junction id="gneJ10" type="dead_end" x="0.00" y="-300.00" incLanes="-gneE9_0" intLanes="" shape="0.00,-300.00 -3.20,-300.00 0.00,-300.00"/>
    <junction id="gneJ11" type="priority" x="0.00" y="-200.00" incLanes="-gneE10_0 gneE9_0" intLanes=":gneJ11_0_0 :gneJ11_1_0" shape="-3.20,-200.00 3.20,-200.00 -3.20,-200.00">
        <request index="0" response="00" foes="00" cont="0"/>
        <request index="1" response="00" foes="00" cont="0"/>
    </junction>
    <junction id="gneJ12" type="priority" x="0.00" y="-100.00" incLanes="-gneE11_0 gneE10_0" intLanes=":gneJ12_0_0 :gneJ12_1_0" shape="-3.20,-100.00 3.20,-100.00 -3.20,-100.00">
        <request index="0" response="00" foes="00" cont="0"/>
        <request index="1" response="00" foes="00" cont="0"/>
    </junction>
    <junction id="gneJ2" type="priority" x="200.00" y="0.00" incLanes="-gneE2_0 gneE1_0" intLanes=":gneJ2_0_0 :gneJ2_1_0" shape="200.00,3.20 200.00,-3.20 200.00,3.20">
        <request index="0" response="00" foes="00" cont="0"/>
        <request index="1" response="00" foes="00" cont="0"/>
    </junction>
    <junction id="gneJ3" type="dead_end" x="300.00" y="0.00" incLanes="gneE2_0" intLanes="" shape="300.00,0.00 300.00,-3.20 300.00,0.00"/>
    <junction id="gneJ4" type="dead_end" x="-300.00" y="0.00" incLanes="-gneE3_0" intLanes="" shape="-300.00,0.00 -300.00,3.20 -300.00,0.00"/>
    <junction id="gneJ5" type="priority" x="-200.00" y="0.00" incLanes="-gneE4_0 gneE3_0" intLanes=":gneJ5_0_0 :gneJ5_1_0" shape="-200.00,3.20 -200.00,-3.20 -200.00,3.20">
        <request index="0" response="00" foes="00" cont="0"/>
        <request index="1" response="00" foes="00" cont="0"/>
    </junction>
    <junction id="gneJ6" type="priority" x="-100.00" y="0.00" incLanes="-gneE5_0 gneE4_0" intLanes=":gneJ6_0_0 :gneJ6_1_0" shape="-100.00,3.20 -100.00,-3.20 -100.00,3.20">
        <request index="0" response="00" foes="00" cont="0"/>
        <request index="1" response="00" foes="00" cont="0"/>
    </junction>
    <junction id="gneJ7" type="priority" x="0.00" y="100.00" incLanes="-gneE7_0 gneE6_0" intLanes=":gneJ7_0_0 :gneJ7_1_0" shape="-3.20,100.00 3.20,100.00 -3.20,100.00">
        <request index="0" response="00" foes="00" cont="0"/>
        <request index="1" response="00" foes="00" cont="0"/>
    </junction>
    <junction id="gneJ8" type="priority" x="0.00" y="200.00" incLanes="-gneE8_0 gneE7_0" intLanes=":gneJ8_0_0 :gneJ8_1_0" shape="-3.20,200.00 3.20,200.00 -3.20,200.00">
        <request index="0" response="00" foes="00" cont="0"/>
        <request index="1" response="00" foes="00" cont="0"/>
    </junction>
    <junction id="gneJ9" type="dead_end" x="0.00" y="300.00" incLanes="gneE8_0" intLanes="" shape="0.00,300.00 3.20,300.00 0.00,300.00"/>

    <junction id=":gneJ0_12_0" type="internal" x="-0.00" y="1.60" incLanes=":gneJ0_2_0 gneE11_0" intLanes=":gneJ0_4_0 :gneJ0_5_0 :gneJ0_6_0 :gneJ0_7_0 :gneJ0_10_0 :gneJ0_11_0"/>
    <junction id=":gneJ0_13_0" type="internal" x="1.60" y="0.00" incLanes=":gneJ0_5_0 gneE5_0" intLanes=":gneJ0_1_0 :gneJ0_2_0 :gneJ0_7_0 :gneJ0_8_0 :gneJ0_9_0 :gneJ0_10_0"/>
    <junction id=":gneJ0_14_0" type="internal" x="0.00" y="-1.60" incLanes=":gneJ0_8_0 -gneE6_0" intLanes=":gneJ0_0_0 :gneJ0_1_0 :gneJ0_4_0 :gneJ0_5_0 :gneJ0_10_0 :gneJ0_11_0"/>
    <junction id=":gneJ0_15_0" type="internal" x="-1.60" y="-0.00" incLanes=":gneJ0_11_0 -gneE0_0" intLanes=":gneJ0_1_0 :gneJ0_2_0 :gneJ0_3_0 :gneJ0_4_0 :gneJ0_7_0 :gneJ0_8_0"/>

    <connection from="-gneE0" to="gneE6" fromLane="0" toLane="0" via=":gneJ0_3_0" tl="gneJ0" linkIndex="3" dir="r" state="o"/>
    <connection from="-gneE0" to="-gneE5" fromLane="0" toLane="0" via=":gneJ0_4_0" tl="gneJ0" linkIndex="4" dir="s" state="o"/>
    <connection from="-gneE0" to="-gneE11" fromLane="0" toLane="0" via=":gneJ0_5_0" tl="gneJ0" linkIndex="5" dir="l" state="o"/>
    <connection from="-gneE1" to="-gneE0" fromLane="0" toLane="0" via=":gneJ1_0_0" dir="s" state="M"/>
    <connection from="-gneE10" to="-gneE9" fromLane="0" toLane="0" via=":gneJ11_0_0" dir="s" state="M"/>
    <connection from="-gneE11" to="-gneE10" fromLane="0" toLane="0" via=":gneJ12_0_0" dir="s" state="M"/>
    <connection from="-gneE2" to="-gneE1" fromLane="0" toLane="0" via=":gneJ2_0_0" dir="s" state="M"/>
    <connection from="-gneE4" to="-gneE3" fromLane="0" toLane="0" via=":gneJ5_0_0" dir="s" state="M"/>
    <connection from="-gneE5" to="-gneE4" fromLane="0" toLane="0" via=":gneJ6_0_0" dir="s" state="M"/>
    <connection from="-gneE6" to="-gneE5" fromLane="0" toLane="0" via=":gneJ0_0_0" tl="gneJ0" linkIndex="0" dir="r" state="O"/>
    <connection from="-gneE6" to="-gneE11" fromLane="0" toLane="0" via=":gneJ0_1_0" tl="gneJ0" linkIndex="1" dir="s" state="O"/>
    <connection from="-gneE6" to="gneE0" fromLane="0" toLane="0" via=":gneJ0_2_0" tl="gneJ0" linkIndex="2" dir="l" state="o"/>
    <connection from="-gneE7" to="-gneE6" fromLane="0" toLane="0" via=":gneJ7_0_0" dir="s" state="M"/>
    <connection from="-gneE8" to="-gneE7" fromLane="0" toLane="0" via=":gneJ8_0_0" dir="s" state="M"/>
    <connection from="gneE0" to="gneE1" fromLane="0" toLane="0" via=":gneJ1_1_0" dir="s" state="M"/>
    <connection from="gneE1" to="gneE2" fromLane="0" toLane="0" via=":gneJ2_1_0" dir="s" state="M"/>
    <connection from="gneE10" to="gneE11" fromLane="0" toLane="0" via=":gneJ12_1_0" dir="s" state="M"/>
    <connection from="gneE11" to="gneE0" fromLane="0" toLane="0" via=":gneJ0_6_0" tl="gneJ0" linkIndex="6" dir="r" state="O"/>
    <connection from="gneE11" to="gneE6" fromLane="0" toLane="0" via=":gneJ0_7_0" tl="gneJ0" linkIndex="7" dir="s" state="O"/>
    <connection from="gneE11" to="-gneE5" fromLane="0" toLane="0" via=":gneJ0_8_0" tl="gneJ0" linkIndex="8" dir="l" state="o"/>
    <connection from="gneE3" to="gneE4" fromLane="0" toLane="0" via=":gneJ5_1_0" dir="s" state="M"/>
    <connection from="gneE4" to="gneE5" fromLane="0" toLane="0" via=":gneJ6_1_0" dir="s" state="M"/>
    <connection from="gneE5" to="-gneE11" fromLane="0" toLane="0" via=":gneJ0_9_0" tl="gneJ0" linkIndex="9" dir="r" state="o"/>
    <connection from="gneE5" to="gneE0" fromLane="0" toLane="0" via=":gneJ0_10_0" tl="gneJ0" linkIndex="10" dir="s" state="o"/>
    <connection from="gneE5" to="gneE6" fromLane="0" toLane="0" via=":gneJ0_11_0" tl="gneJ0" linkIndex="11" dir="l" state="o"/>
    <connection from="gneE6" to="gneE7" fromLane="0" toLane="0" via=":gneJ7_1_0" dir="s" state="M"/>
    <connection from="gneE7" to="gneE8" fromLane="0" toLane="0" via=":gneJ8_1_0" dir="s" state="M"/>
    <connection from="gneE9" to="gneE10" fromLane="0" toLane="0" via=":gneJ11_1_0" dir="s" state="M"/>

    <connection from=":gneJ0_0" to="-gneE5" fromLane="0" toLane="0" dir="r" state="M"/>
    <connection from=":gneJ0_1" to="-gneE11" fromLane="0" toLane="0" dir="s" state="M"/>
    <connection from=":gneJ0_2" to="gneE0" fromLane="0" toLane="0" via=":gneJ0_12_0" dir="l" state="m"/>
    <connection from=":gneJ0_12" to="gneE0" fromLane="0" toLane="0" dir="l" state="M"/>
    <connection from=":gneJ0_3" to="gneE6" fromLane="0" toLane="0" dir="r" state="M"/>
    <connection from=":gneJ0_4" to="-gneE5" fromLane="0" toLane="0" dir="s" state="M"/>
    <connection from=":gneJ0_5" to="-gneE11" fromLane="0" toLane="0" via=":gneJ0_13_0" dir="l" state="m"/>
    <connection from=":gneJ0_13" to="-gneE11" fromLane="0" toLane="0" dir="l" state="M"/>
    <connection from=":gneJ0_6" to="gneE0" fromLane="0" toLane="0" dir="r" state="M"/>
    <connection from=":gneJ0_7" to="gneE6" fromLane="0" toLane="0" dir="s" state="M"/>
    <connection from=":gneJ0_8" to="-gneE5" fromLane="0" toLane="0" via=":gneJ0_14_0" dir="l" state="m"/>
    <connection from=":gneJ0_14" to="-gneE5" fromLane="0" toLane="0" dir="l" state="M"/>
    <connection from=":gneJ0_9" to="-gneE11" fromLane="0" toLane="0" dir="r" state="M"/>
    <connection from=":gneJ0_10" to="gneE0" fromLane="0" toLane="0" dir="s" state="M"/>
    <connection from=":gneJ0_11" to="gneE6" fromLane="0" toLane="0" via=":gneJ0_15_0" dir="l" state="m"/>
    <connection from=":gneJ0_15" to="gneE6" fromLane="0" toLane="0" dir="l" state="M"/>
    <connection from=":gneJ1_0" to="-gneE0" fromLane="0" toLane="0" dir="s" state="M"/>
    <connection from=":gneJ1_1" to="gneE1" fromLane="0" toLane="0" dir="s" state="M"/>
    <connection from=":gneJ11_0" to="-gneE9" fromLane="0" toLane="0" dir="s" state="M"/>
    <connection from=":gneJ11_1" to="gneE10" fromLane="0" toLane="0" dir="s" state="M"/>
    <connection from=":gneJ12_0" to="-gneE10" fromLane="0" toLane="0" dir="s" state="M"/>
    <connection from=":gneJ12_1" to="gneE11" fromLane="0" toLane="0" dir="s" state="M"/>
    <connection from=":gneJ2_0" to="-gneE1" fromLane="0" toLane="0" dir="s" state="M"/>
    <connection from=":gneJ2_1" to="gneE2" fromLane="0" toLane="0" dir="s" state="M"/>
    <connection from=":gneJ5_0" to="-gneE3" fromLane="0" toLane="0" dir="s" state="M"/>
    <connection from=":gneJ5_1" to="gneE4" fromLane="0" toLane="0" dir="s" state="M"/>
    <connection from=":gneJ6_0" to="-gneE4" fromLane="0" toLane="0" dir="s" state="M"/>
    <connection from=":gneJ6_1" to="gneE5" fromLane="0" toLane="0" dir="s" state="M"/>
    <connection from=":gneJ7_0" to="-gneE6" fromLane="0" toLane="0" dir="s" state="M"/>
    <connection from=":gneJ7_1" to="gneE7" fromLane="0" toLane="0" dir="s" state="M"/>
    <connection from=":gneJ8_0" to="-gneE7" fromLane="0" toLane="0" dir="s" state="M"/>
    <connection from=":gneJ8_1" to="gneE8" fromLane="0" toLane="0" dir="s" state="M"/>

</net>
