<edgeRelations>
	<interval begin="0" end="18000">
		<edgeRelation from="gneE5" to="gneE0" probability="0.8"/>
		<edgeRelation from="gneE5" to="-gneE11" probability="0.2"/>

		<edgeRelation from="-gneE0" to="-gneE5" probability="0.8"/>
		<edgeRelation from="-gneE0" to="gneE6" probability="0.2"/>

		<edgeRelation from="gneE11" to="gneE6" probability="0.8"/>
		<edgeRelation from="gneE11" to="gneE0" probability="0.2"/>

		<edgeRelation from="-gneE6" to="-gneE11" probability="0.8"/>
		<edgeRelation from="-gneE6" to="-gneE5" probability="0.2"/>
	</interval>
	<turns>
		<sink edges="gneE2 -gneE3 gneE8 -gneE9"/>
	</turns>
</edgeRelations>
