<!-- the interval and numbers for each flow should be adjusted to a proper value -->


<routes>
    <interval begin="0" end="600">
        <!-- demand 500 veh/hr/lane-->
        <flow id="10" from="Main.gneE2" probability="0.1389" departLane="random"/>
        <flow id="11" from="gneE4" probability="0.0694" departLane="random"/>
        <flow id="12" from="gneE0" probability="0.0694" departLane="random"/>
        <flow id="13" from="-gneE2" probability="0.0694" departLane="random"/>
        <flow id="14" from="Main.gneE3" probability="0.1389" departLane="random"/>
    </interval>

    <interval begin="601" end="1200">
        <!-- demand 700 veh/hr/lane-->
        <flow id="20" from="Main.gneE2" probability="0.1944" departLane="random"/>
        <flow id="21" from="gneE4" probability="0.0972" departLane="random"/>
        <flow id="22" from="gneE0" probability="0.0972" departLane="random"/>
        <flow id="23" from="-gneE2" probability="0.0972" departLane="random"/>
        <flow id="24" from="Main.gneE3" probability="0.1944" departLane="random"/>
    </interval>

    <interval begin="1201" end="1800">
        <!-- demand 1000 veh/hr/lane-->
        <flow id="30" from="Main.gneE2" probability="0.2778" departLane="random"/>
        <flow id="31" from="gneE4" probability="0.1389" departLane="random"/>
        <flow id="32" from="gneE0" probability="0.1389" departLane="random"/>
        <flow id="33" from="-gneE2" probability="0.1389" departLane="random"/>
        <flow id="34" from="Main.gneE3" probability="0.2778" departLane="random"/>
    </interval>
</routes>
