<?xml version="1.0" encoding="UTF-8"?>

<!-- generated on Sun Oct 31 17:30:12 2021 by Netedit Version 0.32.0
<?xml version="1.0" encoding="UTF-8"?>

<configuration xmlns:xsi="http://www.w3.org/2001/XMLSchema-instance" xsi:noNamespaceSchemaLocation="http://sumo.dlr.de/xsd/netconvertConfiguration.xsd">

    <input>
        <sumo-net-file value="/Users/liwangzhi/Documents/GitHub/DRL-for-Traffic-Control/sumolight-wz/networks/penn_state/penn_state.net.xml"/>
    </input>

    <output>
        <output-file value="/Users/liwangzhi/Documents/GitHub/DRL-for-Traffic-Control/sumolight-wz/networks/penn_state/penn_state.net.xml"/>
    </output>

    <processing>
        <no-turnarounds value="true"/>
        <offset.disable-normalization value="true"/>
        <lefthand value="false"/>
        <junctions.corner-detail value="5"/>
        <rectangular-lane-cut value="false"/>
        <walkingareas value="false"/>
    </processing>

</configuration>
-->

<net version="0.27" junctionCornerDetail="5" xmlns:xsi="http://www.w3.org/2001/XMLSchema-instance" xsi:noNamespaceSchemaLocation="http://sumo.dlr.de/xsd/net_file.xsd">

    <location netOffset="-257792.03,-4519001.36" convBoundary="353.91,383.53,773.12,799.23" origBoundary="-77.87,40.79,-77.86,40.80" projParameter="+proj=utm +zone=18 +ellps=WGS84 +datum=WGS84 +units=m +no_defs"/>

    <type id="highway.bridleway" priority="1" numLanes="1" speed="2.78" allow="pedestrian" oneway="1" width="2.00"/>
    <type id="highway.bus_guideway" priority="1" numLanes="1" speed="27.78" allow="bus" oneway="1"/>
    <type id="highway.cycleway" priority="1" numLanes="1" speed="8.33" allow="bicycle" oneway="1" width="1.00"/>
    <type id="highway.footway" priority="1" numLanes="1" speed="2.78" allow="pedestrian" oneway="1" width="2.00"/>
    <type id="highway.ford" priority="1" numLanes="1" speed="2.78" allow="army" oneway="1"/>
    <type id="highway.living_street" priority="2" numLanes="1" speed="2.78" disallow="tram rail_urban rail rail_electric ship" oneway="1"/>
    <type id="highway.motorway" priority="14" numLanes="2" speed="39.44" allow="private emergency authority army vip passenger hov taxi bus coach delivery truck trailer motorcycle evehicle custom1 custom2" oneway="1"/>
    <type id="highway.motorway_link" priority="9" numLanes="1" speed="22.22" allow="private emergency authority army vip passenger hov taxi bus coach delivery truck trailer motorcycle evehicle custom1 custom2" oneway="1"/>
    <type id="highway.path" priority="1" numLanes="1" speed="2.78" allow="bicycle pedestrian" oneway="1" width="2.00"/>
    <type id="highway.pedestrian" priority="1" numLanes="1" speed="2.78" allow="pedestrian" oneway="1" width="2.00"/>
    <type id="highway.primary" priority="12" numLanes="2" speed="27.78" disallow="tram rail_urban rail rail_electric ship" oneway="1"/>
    <type id="highway.primary_link" priority="7" numLanes="1" speed="22.22" disallow="tram rail_urban rail rail_electric ship" oneway="1"/>
    <type id="highway.raceway" priority="15" numLanes="2" speed="83.33" allow="vip" oneway="1"/>
    <type id="highway.residential" priority="3" numLanes="1" speed="13.89" disallow="tram rail_urban rail rail_electric ship" oneway="1"/>
    <type id="highway.secondary" priority="11" numLanes="1" speed="27.78" disallow="tram rail_urban rail rail_electric ship" oneway="1"/>
    <type id="highway.secondary_link" priority="6" numLanes="1" speed="22.22" disallow="tram rail_urban rail rail_electric ship" oneway="1"/>
    <type id="highway.service" priority="1" numLanes="1" speed="5.56" allow="delivery bicycle pedestrian" oneway="1"/>
    <type id="highway.stairs" priority="1" numLanes="1" speed="1.39" allow="pedestrian" oneway="1" width="2.00"/>
    <type id="highway.step" priority="1" numLanes="1" speed="1.39" allow="pedestrian" oneway="1" width="2.00"/>
    <type id="highway.steps" priority="1" numLanes="1" speed="1.39" allow="pedestrian" oneway="1" width="2.00"/>
    <type id="highway.tertiary" priority="10" numLanes="1" speed="22.22" disallow="tram rail_urban rail rail_electric ship" oneway="1"/>
    <type id="highway.tertiary_link" priority="5" numLanes="1" speed="22.22" disallow="tram rail_urban rail rail_electric ship" oneway="1"/>
    <type id="highway.track" priority="1" numLanes="1" speed="5.56" allow="motorcycle moped bicycle pedestrian" oneway="1"/>
    <type id="highway.trunk" priority="13" numLanes="2" speed="27.78" disallow="tram rail_urban rail rail_electric bicycle pedestrian ship" oneway="1"/>
    <type id="highway.trunk_link" priority="8" numLanes="1" speed="22.22" disallow="tram rail_urban rail rail_electric bicycle pedestrian ship" oneway="1"/>
    <type id="highway.unclassified" priority="4" numLanes="1" speed="13.89" disallow="tram rail_urban rail rail_electric ship" oneway="1"/>
    <type id="highway.unsurfaced" priority="1" numLanes="1" speed="8.33" disallow="tram rail_urban rail rail_electric ship" oneway="1"/>
    <type id="railway.highspeed" priority="21" numLanes="1" speed="69.44" allow="rail_electric" oneway="1"/>
    <type id="railway.light_rail" priority="19" numLanes="1" speed="27.78" allow="rail_urban" oneway="1"/>
    <type id="railway.preserved" priority="16" numLanes="1" speed="27.78" allow="rail" oneway="1"/>
    <type id="railway.rail" priority="20" numLanes="1" speed="44.44" allow="rail" oneway="1"/>
    <type id="railway.subway" priority="18" numLanes="1" speed="27.78" allow="rail_urban" oneway="1"/>
    <type id="railway.tram" priority="17" numLanes="1" speed="13.89" allow="tram" oneway="1"/>

    <edge id=":106101895_0" function="internal">
        <lane id=":106101895_0_0" index="0" disallow="tram rail_urban rail rail_electric ship" speed="11.18" length="4.82" shape="354.95,673.12 353.46,673.26 352.63,672.87 352.43,671.97 352.88,670.55"/>
    </edge>
    <edge id=":2668120321_0" function="internal">
        <lane id=":2668120321_0_0" index="0" disallow="tram rail_urban rail rail_electric ship" speed="6.71" length="4.82" shape="471.88,800.41 470.42,800.69 469.55,800.38 469.27,799.51 469.58,798.05"/>
    </edge>
    <edge id=":2814617346_0" function="internal">
        <lane id=":2814617346_0_0" index="0" disallow="tram rail_urban rail rail_electric ship" speed="11.18" length="4.82" shape="672.63,385.49 674.07,385.15 674.96,385.42 675.28,386.28 675.03,387.75"/>
    </edge>
    <edge id=":gneJ1_0" function="internal">
        <lane id=":gneJ1_0_0" index="0" disallow="tram rail_urban rail rail_electric ship" speed="11.18" length="10.27" shape="472.90,596.80 470.88,595.49 468.61,595.00 466.09,595.32 463.31,596.45"/>
    </edge>
    <edge id=":gneJ1_1" function="internal">
        <lane id=":gneJ1_1_0" index="0" disallow="tram rail_urban rail rail_electric ship" speed="11.18" length="18.85" shape="472.90,596.80 468.72,593.01 465.92,590.35 463.24,587.57 459.44,583.40"/>
        <lane id=":gneJ1_1_1" index="1" disallow="tram rail_urban rail rail_electric ship" speed="11.18" length="18.85" shape="475.12,594.35 471.01,590.62 468.25,588.01 465.62,585.28 461.88,581.18"/>
    </edge>
    <edge id=":gneJ1_3" function="internal">
        <lane id=":gneJ1_3_0" index="0" disallow="tram rail_urban rail rail_electric ship" speed="11.18" length="12.73" shape="475.12,594.35 471.93,590.97 470.47,588.14 470.73,585.88 472.71,584.16"/>
    </edge>
    <edge id=":gneJ1_4" function="internal">
        <lane id=":gneJ1_4_0" index="0" disallow="tram rail_urban rail rail_electric ship" speed="11.18" length="13.96" shape="475.69,590.05 463.31,596.45"/>
        <lane id=":gneJ1_4_1" index="1" disallow="tram rail_urban rail rail_electric ship" speed="11.18" length="13.96" shape="474.20,587.10 461.77,593.53"/>
    </edge>
    <edge id=":gneJ1_6" function="internal">
        <lane id=":gneJ1_6_0" index="0" disallow="tram rail_urban rail rail_electric ship" speed="11.18" length="4.08" shape="474.20,587.10 471.65,587.64 470.23,587.25"/>
    </edge>
    <edge id=":gneJ1_10" function="internal">
        <lane id=":gneJ1_10_0" index="0" speed="11.18" length="10.47" shape="470.23,587.25 468.74,586.83 465.48,584.68 461.88,581.18"/>
    </edge>
    <edge id=":gneJ1_7" function="internal">
        <lane id=":gneJ1_7_0" index="0" disallow="tram rail_urban rail rail_electric ship" speed="11.18" length="5.33" shape="458.68,587.70 459.91,586.81 460.44,585.79 460.28,584.66 459.44,583.40"/>
    </edge>
    <edge id=":gneJ1_8" function="internal">
        <lane id=":gneJ1_8_0" index="0" disallow="tram rail_urban rail rail_electric ship" speed="11.18" length="14.09" shape="458.68,587.70 471.22,581.22"/>
        <lane id=":gneJ1_8_1" index="1" disallow="tram rail_urban rail rail_electric ship" speed="11.18" length="14.09" shape="460.23,590.62 472.71,584.16"/>
    </edge>
    <edge id=":gneJ2_0" function="internal">
        <lane id=":gneJ2_0_0" index="0" disallow="tram rail_urban rail rail_electric ship" speed="8.95" length="5.45" shape="582.94,696.22 581.74,695.42 580.53,695.19 579.32,695.53 578.10,696.44"/>
    </edge>
    <edge id=":gneJ2_1" function="internal">
        <lane id=":gneJ2_1_0" index="0" disallow="tram rail_urban rail rail_electric ship" speed="11.18" length="9.74" shape="582.94,696.22 575.71,689.69"/>
        <lane id=":gneJ2_1_1" index="1" disallow="tram rail_urban rail rail_electric ship" speed="11.18" length="9.74" shape="585.15,693.77 577.92,687.24"/>
    </edge>
    <edge id=":gneJ2_3" function="internal">
        <lane id=":gneJ2_3_0" index="0" disallow="tram rail_urban rail rail_electric ship" speed="11.18" length="7.88" shape="585.15,693.77 583.20,691.74 582.11,689.97 581.88,688.44 582.52,687.15"/>
    </edge>
    <edge id=":gneJ2_4" function="internal">
        <lane id=":gneJ2_4_0" index="0" disallow="tram rail_urban rail rail_electric ship" speed="8.95" length="9.82" shape="584.95,689.39 578.10,696.44"/>
    </edge>
    <edge id=":gneJ2_5" function="internal">
        <lane id=":gneJ2_5_0" index="0" disallow="tram rail_urban rail rail_electric ship" speed="11.18" length="3.13" shape="584.95,689.39 583.71,690.11 582.13,690.00 582.03,689.95"/>
    </edge>
    <edge id=":gneJ2_8" function="internal">
        <lane id=":gneJ2_8_0" index="0" speed="11.18" length="4.95" shape="582.03,689.95 580.20,689.04 577.92,687.24"/>
    </edge>
    <edge id=":gneJ2_6" function="internal">
        <lane id=":gneJ2_6_0" index="0" disallow="tram rail_urban rail rail_electric ship" speed="8.95" length="5.07" shape="575.79,694.08 576.65,692.96 576.92,691.86 576.60,690.77 575.71,689.69"/>
    </edge>
    <edge id=":gneJ2_7" function="internal">
        <lane id=":gneJ2_7_0" index="0" disallow="tram rail_urban rail rail_electric ship" speed="8.95" length="9.65" shape="575.79,694.08 582.52,687.15"/>
    </edge>
    <edge id=":gneJ4_0" function="internal">
        <lane id=":gneJ4_0_0" index="0" disallow="tram rail_urban rail rail_electric ship" speed="11.18" length="5.04" shape="590.51,482.35 589.69,483.47 589.44,484.57 589.75,485.66 590.63,486.73"/>
    </edge>
    <edge id=":gneJ4_1" function="internal">
        <lane id=":gneJ4_1_0" index="0" disallow="tram rail_urban rail rail_electric ship" speed="11.18" length="9.64" shape="590.51,482.35 583.89,489.29"/>
        <lane id=":gneJ4_1_1" index="1" disallow="tram rail_urban rail rail_electric ship" speed="11.18" length="9.64" shape="588.16,480.04 581.47,487.05"/>
    </edge>
    <edge id=":gneJ4_3" function="internal">
        <lane id=":gneJ4_3_0" index="0" disallow="tram rail_urban rail rail_electric ship" speed="11.18" length="5.38" shape="578.70,475.76 579.87,476.54 581.04,476.74 582.23,476.37 583.44,475.42"/>
    </edge>
    <edge id=":gneJ4_4" function="internal">
        <lane id=":gneJ4_4_0" index="0" disallow="tram rail_urban rail rail_electric ship" speed="11.18" length="16.22" shape="578.70,475.76 590.63,486.73"/>
        <lane id=":gneJ4_4_1" index="1" disallow="tram rail_urban rail rail_electric ship" speed="11.18" length="16.22" shape="576.46,478.18 588.40,489.17"/>
    </edge>
    <edge id=":gneJ4_6" function="internal">
        <lane id=":gneJ4_6_0" index="0" disallow="tram rail_urban rail rail_electric ship" speed="11.18" length="10.88" shape="576.46,478.18 579.44,481.21 581.27,483.69 581.95,485.64 581.47,487.05"/>
    </edge>
    <edge id=":gneJ4_7" function="internal">
        <lane id=":gneJ4_7_0" index="0" disallow="tram rail_urban rail rail_electric ship" speed="11.18" length="9.83" shape="576.63,482.56 583.44,475.42"/>
        <lane id=":gneJ4_7_1" index="1" disallow="tram rail_urban rail rail_electric ship" speed="11.18" length="9.83" shape="579.05,484.80 585.80,477.73"/>
    </edge>
    <edge id=":gneJ4_9" function="internal">
        <lane id=":gneJ4_9_0" index="0" disallow="tram rail_urban rail rail_electric ship" speed="11.18" length="4.56" shape="579.05,484.80 581.40,483.17 583.09,483.03"/>
    </edge>
    <edge id=":gneJ4_10" function="internal">
        <lane id=":gneJ4_10_0" index="0" speed="11.18" length="8.64" shape="583.09,483.03 584.12,482.94 587.19,484.13 590.63,486.73"/>
    </edge>
    <edge id=":gneJ7_0" function="internal">
        <lane id=":gneJ7_0_0" index="0" disallow="tram rail_urban rail rail_electric ship" speed="11.18" length="6.33" shape="683.56,572.95 685.19,574.21 686.66,574.78 687.96,574.66 689.09,573.84"/>
    </edge>
    <edge id=":gneJ7_1" function="internal">
        <lane id=":gneJ7_1_0" index="0" disallow="tram rail_urban rail rail_electric ship" speed="11.18" length="9.50" shape="683.56,572.95 690.49,579.44"/>
        <lane id=":gneJ7_1_1" index="1" disallow="tram rail_urban rail rail_electric ship" speed="11.18" length="9.50" shape="681.30,575.36 688.24,581.85"/>
    </edge>
    <edge id=":gneJ7_3" function="internal">
        <lane id=":gneJ7_3_0" index="0" disallow="tram rail_urban rail rail_electric ship" speed="11.18" length="7.86" shape="681.30,575.36 683.21,577.41 684.27,579.20 684.49,580.74 683.86,582.01"/>
    </edge>
    <edge id=":gneJ7_4" function="internal">
        <lane id=":gneJ7_4_0" index="0" disallow="tram rail_urban rail rail_electric ship" speed="11.18" length="9.73" shape="681.43,579.77 683.55,577.85 685.27,576.82 686.98,575.78 689.09,573.84"/>
    </edge>
    <edge id=":gneJ7_5" function="internal">
        <lane id=":gneJ7_5_0" index="0" disallow="tram rail_urban rail rail_electric ship" speed="11.18" length="7.87" shape="681.43,579.77 682.65,579.04 684.20,579.14 686.06,580.08 688.24,581.85"/>
    </edge>

    <edge id="-gneE0" from="gneJ1" to="106101895" priority="12" type="highway.primary" shape="466.76,589.02 446.07,599.98 430.73,610.71 418.30,619.92 353.91,671.84">
        <lane id="-gneE0_0" index="0" disallow="tram rail_urban rail rail_electric ship" speed="11.18" length="133.16" shape="463.31,596.45 448.66,604.21 433.62,614.73 421.33,623.84 357.02,675.69"/>
        <lane id="-gneE0_1" index="1" disallow="tram rail_urban rail rail_electric ship" speed="11.18" length="133.16" shape="461.77,593.53 446.93,601.39 431.69,612.05 419.31,621.23 354.95,673.12"/>
        <param key="ref" value="US 322 Business"/>
    </edge>
    <edge id="-gneE1" from="gneJ4" to="gneJ1" priority="12" type="highway.primary" shape="583.49,482.44 504.39,567.80 498.87,572.47 493.08,576.11 482.32,581.15 466.76,589.02">
        <lane id="-gneE1_0" index="0" disallow="tram rail_urban rail rail_electric ship" speed="11.18" length="148.68" shape="583.89,489.29 507.82,571.38 501.80,576.47 495.46,580.46 484.49,585.60 475.69,590.05"/>
        <lane id="-gneE1_1" index="1" disallow="tram rail_urban rail rail_electric ship" speed="11.18" length="148.68" shape="581.47,487.05 505.53,568.99 499.85,573.80 493.87,577.56 483.04,582.63 474.20,587.10"/>
        <param key="ref" value="US 322 Business"/>
    </edge>
    <edge id="-gneE2" from="2814617346" to="gneJ4" priority="12" type="highway.primary" shape="673.83,386.62 597.99,467.65 583.49,482.44">
        <lane id="-gneE2_0" index="0" disallow="tram rail_urban rail rail_electric ship" speed="11.18" length="126.79" shape="677.44,390.00 601.56,471.07 590.51,482.35"/>
        <lane id="-gneE2_1" index="1" disallow="tram rail_urban rail rail_electric ship" speed="11.18" length="126.79" shape="675.03,387.75 599.18,468.79 588.16,480.04"/>
        <param key="ref" value="US 322 Business"/>
    </edge>
    <edge id="-gneE4" from="gneJ2" to="2668120321" priority="4" type="highway.unclassified">
        <lane id="-gneE4_0" index="0" disallow="tram rail_urban rail rail_electric ship" speed="6.71" length="148.64" shape="578.10,696.44 471.88,800.41"/>
    </edge>
    <edge id="-gneE5" from="gneJ7" to="gneJ2" priority="4" type="highway.unclassified" shape="685.88,577.38 622.55,646.14 580.49,691.79">
        <lane id="-gneE5_0" index="0" disallow="tram rail_urban rail rail_electric ship" speed="11.18" length="145.99" shape="683.86,582.01 623.76,647.26 584.95,689.39"/>
    </edge>
    <edge id="Main.gneE0" from="gneJ1" to="3722045199" priority="12" type="highway.primary" spreadType="center" shape="466.76,589.02 451.26,571.93 370.14,496.07">
        <lane id="Main.gneE0_0" index="0" disallow="tram rail_urban rail rail_electric ship" speed="11.18" length="125.05" shape="459.44,583.40 450.08,573.09 369.01,497.28"/>
        <lane id="Main.gneE0_1" index="1" disallow="tram rail_urban rail rail_electric ship" speed="11.18" length="125.05" shape="461.88,581.18 452.44,570.77 371.27,494.86"/>
        <param key="ref" value="PA 26"/>
    </edge>
    <edge id="Main.gneE1" from="gneJ2" to="gneJ1" priority="12" type="highway.primary" spreadType="center">
        <lane id="Main.gneE1_0" index="0" disallow="tram rail_urban rail rail_electric ship" speed="11.18" length="138.56" shape="575.71,689.69 472.90,596.80"/>
        <lane id="Main.gneE1_1" index="1" disallow="tram rail_urban rail rail_electric ship" speed="11.18" length="138.56" shape="577.92,687.24 475.12,594.35"/>
        <param key="ref" value="PA 26"/>
    </edge>
    <edge id="Main.gneE2" from="802356450" to="gneJ2" priority="12" type="highway.primary" spreadType="center">
        <lane id="Main.gneE2_0" index="0" disallow="tram rail_urban rail rail_electric ship" speed="11.18" length="118.02" shape="670.63,775.22 582.94,696.22"/>
        <lane id="Main.gneE2_1" index="1" disallow="tram rail_urban rail rail_electric ship" speed="11.18" length="118.02" shape="672.83,772.76 585.15,693.77"/>
        <param key="ref" value="PA 26"/>
    </edge>
    <edge id="Main.gneE3" from="4704678937" to="gneJ4" priority="12" type="highway.primary" spreadType="center">
        <lane id="Main.gneE3_0" index="0" disallow="tram rail_urban rail rail_electric ship" speed="11.18" length="137.54" shape="477.78,382.32 578.70,475.76"/>
        <lane id="Main.gneE3_1" index="1" disallow="tram rail_urban rail rail_electric ship" speed="11.18" length="137.54" shape="475.54,384.74 576.46,478.18"/>
        <param key="ref" value="PA 26"/>
    </edge>
    <edge id="Main.gneE4" from="gneJ4" to="gneJ7" priority="12" type="highway.primary" spreadType="center" shape="583.49,482.44 624.96,520.35 685.88,577.38">
        <lane id="Main.gneE4_0" index="0" disallow="tram rail_urban rail rail_electric ship" speed="11.18" length="126.74" shape="590.63,486.73 626.08,519.14 683.56,572.95"/>
        <lane id="Main.gneE4_1" index="1" disallow="tram rail_urban rail rail_electric ship" speed="11.18" length="126.74" shape="588.40,489.17 623.84,521.56 681.30,575.36"/>
        <param key="ref" value="PA 26"/>
    </edge>
    <edge id="Main.gneE5" from="gneJ7" to="3415347376" priority="12" type="highway.primary" spreadType="center" shape="685.88,577.38 714.22,603.90 722.07,611.28 727.52,616.09 734.97,622.71 773.12,658.90">
        <lane id="Main.gneE5_0" index="0" disallow="tram rail_urban rail rail_electric ship" speed="11.18" length="114.63" shape="690.49,579.44 715.35,602.70 723.18,610.06 728.61,614.86 736.09,621.49 774.26,657.70"/>
        <lane id="Main.gneE5_1" index="1" disallow="tram rail_urban rail rail_electric ship" speed="11.18" length="114.63" shape="688.24,581.85 713.09,605.10 720.96,612.50 726.43,617.32 733.85,623.93 771.98,660.10"/>
        <param key="ref" value="PA 26"/>
    </edge>
    <edge id="gneE0" from="106101895" to="gneJ1" priority="12" type="highway.primary" shape="353.91,671.84 418.62,619.84 431.00,610.73 446.00,600.04 466.76,589.02">
        <lane id="gneE0_0" index="0" disallow="tram rail_urban rail rail_electric ship" speed="11.18" length="134.41" shape="350.81,667.98 415.60,615.92 428.10,606.72 443.39,595.82 458.68,587.70"/>
        <lane id="gneE0_1" index="1" disallow="tram rail_urban rail rail_electric ship" speed="11.18" length="134.41" shape="352.88,670.55 417.61,618.53 430.03,609.39 445.13,598.63 460.23,590.62"/>
        <param key="ref" value="US 322 Business"/>
    </edge>
    <edge id="gneE1" from="gneJ1" to="gneJ4" priority="12" type="highway.primary" shape="466.76,589.02 482.32,581.15 493.08,576.11 498.87,572.47 504.39,567.80 583.49,482.44">
        <lane id="gneE1_0" index="0" disallow="tram rail_urban rail rail_electric ship" speed="11.18" length="146.33" shape="471.22,581.22 480.15,576.70 490.70,571.76 495.94,568.47 500.96,564.22 576.63,482.56"/>
        <lane id="gneE1_1" index="1" disallow="tram rail_urban rail rail_electric ship" speed="11.18" length="146.33" shape="472.71,584.16 481.60,579.67 492.29,574.66 497.89,571.14 503.25,566.61 579.05,484.80"/>
        <param key="ref" value="US 322 Business"/>
    </edge>
    <edge id="gneE2" from="gneJ4" to="2814617346" priority="12" type="highway.primary" shape="583.49,482.44 597.99,467.65 673.83,386.62">
        <lane id="gneE2_0" index="0" disallow="tram rail_urban rail rail_electric ship" speed="11.18" length="126.64" shape="583.44,475.42 594.42,464.23 670.22,383.24"/>
        <lane id="gneE2_1" index="1" disallow="tram rail_urban rail rail_electric ship" speed="11.18" length="126.64" shape="585.80,477.73 596.80,466.51 672.63,385.49"/>
        <param key="ref" value="US 322 Business"/>
    </edge>
    <edge id="gneE4" from="2668120321" to="gneJ2" priority="4" type="highway.unclassified">
        <lane id="gneE4_0" index="0" disallow="tram rail_urban rail rail_electric ship" speed="6.71" length="148.64" shape="469.58,798.05 575.79,694.08"/>
    </edge>
    <edge id="gneE5" from="gneJ2" to="gneJ7" priority="4" type="highway.unclassified">
        <lane id="gneE5_0" index="0" disallow="tram rail_urban rail rail_electric ship" speed="11.18" length="145.99" shape="582.52,687.15 681.43,579.77"/>
    </edge>
    <edge id="gneE6" from="gneJ7" to="6974789181" priority="3" type="highway.residential" spreadType="center" shape="685.88,577.38 711.59,549.06 770.25,484.37">
        <lane id="gneE6_0" index="0" disallow="tram rail_urban rail rail_electric ship" speed="11.18" length="120.80" shape="689.09,573.84 711.59,549.06 770.25,484.37"/>
    </edge>

    <tlLogic id="gneJ1" type="static" programID="0" offset="0">
        <phase duration="42" state="rrrrGGgGGG"/>
        <phase duration="3" state="rrrryyyyyy"/>
        <phase duration="42" state="GGGGrrrrrr"/>
        <phase duration="3" state="yyyyrrrrrr"/>
    </tlLogic>
    <tlLogic id="gneJ2" type="static" programID="0" offset="0">
        <phase duration="42" state="rrrrGgGG"/>
        <phase duration="3" state="rrrryyyy"/>
        <phase duration="42" state="GGGGrrrr"/>
        <phase duration="3" state="yyyyrrrr"/>
    </tlLogic>
    <tlLogic id="gneJ4" type="static" programID="0" offset="0">
        <phase duration="42" state="GGGrrrrGGg"/>
        <phase duration="3" state="yyyrrrryyy"/>
        <phase duration="42" state="rrrGGGGrrr"/>
        <phase duration="3" state="rrryyyyrrr"/>
    </tlLogic>
    <tlLogic id="gneJ7" type="static" programID="0" offset="0">
        <phase duration="42" state="GGGGrr"/>
        <phase duration="3" state="yyyyrr"/>
        <phase duration="42" state="rrrrGG"/>
        <phase duration="3" state="rrrryy"/>
    </tlLogic>

    <junction id="106101895" type="priority" x="353.91" y="671.84" incLanes="-gneE0_0 -gneE0_1" intLanes=":106101895_0_0" shape="353.88,671.80 349.81,666.73 358.02,676.94">
        <request index="0" response="0" foes="0" cont="0"/>
    </junction>
    <junction id="2668120321" type="priority" x="470.73" y="799.23" incLanes="-gneE4_0" intLanes=":2668120321_0_0" shape="470.70,799.19 473.00,801.55 470.76,799.27">
        <request index="0" response="0" foes="0" cont="0"/>
    </junction>
    <junction id="2814617346" type="priority" x="673.83" y="386.62" incLanes="gneE2_0 gneE2_1" intLanes=":2814617346_0_0" shape="673.87,386.65 669.05,382.14 673.79,386.59">
        <request index="0" response="0" foes="0" cont="0"/>
    </junction>
    <junction id="3415347376" type="dead_end" x="773.12" y="658.90" incLanes="Main.gneE5_0 Main.gneE5_1" intLanes="" shape="775.36,656.54 770.88,661.26"/>
    <junction id="3722045199" type="dead_end" x="370.14" y="496.07" incLanes="Main.gneE0_0 Main.gneE0_1" intLanes="" shape="367.92,498.44 372.36,493.70"/>
    <junction id="4704678937" type="dead_end" x="476.66" y="383.53" incLanes="" intLanes="" shape="474.45,385.91 478.87,381.15"/>
    <junction id="6974789181" type="dead_end" x="770.25" y="484.37" incLanes="gneE6_0" intLanes="" shape="769.06,483.30 771.44,485.44"/>
    <junction id="802356450" type="dead_end" x="671.73" y="773.99" incLanes="" intLanes="" shape="673.91,771.58 669.55,776.40"/>
    <junction id="gneJ1" type="traffic_light" x="466.76" y="589.02" incLanes="Main.gneE1_0 Main.gneE1_1 -gneE1_0 -gneE1_1 gneE0_0 gneE0_1" intLanes=":gneJ1_0_0 :gneJ1_1_0 :gneJ1_1_1 :gneJ1_3_0 :gneJ1_4_0 :gneJ1_4_1 :gneJ1_10_0 :gneJ1_7_0 :gneJ1_8_0 :gneJ1_8_1" shape="471.83,597.98 476.19,593.16 475.72,592.53 475.69,592.24 475.79,591.96 476.04,591.71 476.41,591.48 470.50,579.79 467.41,581.11 466.10,581.32 464.93,581.22 463.92,580.82 463.07,580.11 458.25,584.48 458.66,585.17 458.68,585.48 458.56,585.78 458.31,586.04 457.93,586.29 464.06,597.86 467.06,596.74 468.41,596.62 469.65,596.78 470.79,597.24">
        <request index="0" response="0000110000" foes="0000110000" cont="0"/>
        <request index="1" response="1111110000" foes="1111110000" cont="0"/>
        <request index="2" response="1111110000" foes="1111110000" cont="0"/>
        <request index="3" response="1101110000" foes="1101110000" cont="0"/>
        <request index="4" response="0000000000" foes="0000001111" cont="0"/>
        <request index="5" response="0000000000" foes="0000001111" cont="0"/>
        <request index="6" response="1110000000" foes="1110001110" cont="1"/>
        <request index="7" response="0000000000" foes="0001000110" cont="0"/>
        <request index="8" response="0000000000" foes="0001001110" cont="0"/>
        <request index="9" response="0000000000" foes="0001001110" cont="0"/>
    </junction>
    <junction id="gneJ2" type="traffic_light" x="580.49" y="691.79" incLanes="Main.gneE2_0 Main.gneE2_1 -gneE5_0 gneE4_0" intLanes=":gneJ2_0_0 :gneJ2_1_0 :gneJ2_1_1 :gneJ2_3_0 :gneJ2_4_0 :gneJ2_8_0 :gneJ2_6_0 :gneJ2_7_0" shape="581.87,697.41 586.22,692.58 585.72,691.90 585.64,691.55 585.68,691.20 585.84,690.84 586.12,690.47 581.34,686.07 580.61,686.58 580.22,686.64 579.83,686.57 579.42,686.38 578.99,686.06 574.63,690.88 575.13,691.55 575.20,691.90 575.15,692.24 574.97,692.59 574.68,692.93 579.22,697.58 580.12,696.97 580.56,696.87 581.00,696.91 581.44,697.09">
        <request index="0" response="00000000" foes="00010000" cont="0"/>
        <request index="1" response="00000000" foes="11110000" cont="0"/>
        <request index="2" response="00000000" foes="11110000" cont="0"/>
        <request index="3" response="00000000" foes="10110000" cont="0"/>
        <request index="4" response="00001111" foes="00001111" cont="0"/>
        <request index="5" response="11001110" foes="11001110" cont="1"/>
        <request index="6" response="00000110" foes="00100110" cont="0"/>
        <request index="7" response="00001110" foes="00101110" cont="0"/>
    </junction>
    <junction id="gneJ4" type="traffic_light" x="583.49" y="482.44" incLanes="-gneE2_0 -gneE2_1 Main.gneE3_0 Main.gneE3_1 gneE1_0 gneE1_1" intLanes=":gneJ4_0_0 :gneJ4_1_0 :gneJ4_1_1 :gneJ4_3_0 :gneJ4_4_0 :gneJ4_4_1 :gneJ4_6_0 :gneJ4_7_0 :gneJ4_7_1 :gneJ4_10_0" shape="587.33,490.35 591.71,485.55 591.21,484.87 591.14,484.53 591.19,484.18 591.36,483.82 591.65,483.47 582.30,474.30 581.42,474.94 581.00,475.05 580.59,475.03 580.18,474.88 579.79,474.59 575.37,479.35 575.87,480.04 575.94,480.39 575.90,480.75 575.74,481.11 575.46,481.47 585.06,490.38 585.78,489.87 586.16,489.80 586.54,489.86 586.93,490.04">
        <request index="0" response="0000000000" foes="1000110000" cont="0"/>
        <request index="1" response="0000000000" foes="1001110000" cont="0"/>
        <request index="2" response="0000000000" foes="1001110000" cont="0"/>
        <request index="3" response="0110000000" foes="0110000000" cont="0"/>
        <request index="4" response="1110000111" foes="1110000111" cont="0"/>
        <request index="5" response="1110000111" foes="1110000111" cont="0"/>
        <request index="6" response="1110000110" foes="1110000110" cont="0"/>
        <request index="7" response="0000000000" foes="0001111000" cont="0"/>
        <request index="8" response="0000000000" foes="0001111000" cont="0"/>
        <request index="9" response="0000000111" foes="0001110111" cont="1"/>
    </junction>
    <junction id="gneJ7" type="traffic_light" x="685.88" y="577.38" incLanes="Main.gneE4_0 Main.gneE4_1 gneE5_0" intLanes=":gneJ7_0_0 :gneJ7_1_0 :gneJ7_1_1 :gneJ7_3_0 :gneJ7_4_0 :gneJ7_5_0" shape="687.15,583.02 691.59,578.27 690.39,576.93 690.07,576.34 689.95,575.81 690.02,575.34 690.27,574.92 687.90,572.77 687.10,573.15 686.59,573.08 686.01,572.82 685.37,572.39 684.65,571.78 680.21,576.52 680.70,577.22 680.77,577.58 680.72,577.94 680.54,578.31 680.25,578.69 685.04,583.09 685.72,582.60 686.07,582.52 686.43,582.57 686.78,582.73">
        <request index="0" response="000000" foes="010000" cont="0"/>
        <request index="1" response="000000" foes="110000" cont="0"/>
        <request index="2" response="000000" foes="110000" cont="0"/>
        <request index="3" response="000000" foes="110000" cont="0"/>
        <request index="4" response="001111" foes="001111" cont="0"/>
        <request index="5" response="001110" foes="001110" cont="0"/>
    </junction>

    <junction id=":gneJ1_10_0" type="internal" x="470.23" y="587.25" incLanes=":gneJ1_6_0 gneE0_0 gneE0_1" intLanes=":gneJ1_1_0 :gneJ1_1_1 :gneJ1_3_0 :gneJ1_7_0 :gneJ1_8_0 :gneJ1_8_1"/>
    <junction id=":gneJ2_8_0" type="internal" x="582.03" y="689.95" incLanes=":gneJ2_5_0 gneE4_0" intLanes=":gneJ2_1_0 :gneJ2_1_1 :gneJ2_3_0 :gneJ2_6_0 :gneJ2_7_0"/>
    <junction id=":gneJ4_10_0" type="internal" x="583.09" y="483.03" incLanes=":gneJ4_9_0 -gneE2_0 -gneE2_1" intLanes=":gneJ4_0_0 :gneJ4_1_0 :gneJ4_1_1 :gneJ4_4_0 :gneJ4_4_1 :gneJ4_6_0"/>

    <connection from="-gneE0" to="gneE0" fromLane="1" toLane="1" via=":106101895_0_0" dir="t" state="M"/>
    <connection from="-gneE1" to="-gneE0" fromLane="0" toLane="0" via=":gneJ1_4_0" tl="gneJ1" linkIndex="4" dir="s" state="o"/>
    <connection from="-gneE1" to="-gneE0" fromLane="1" toLane="1" via=":gneJ1_4_1" tl="gneJ1" linkIndex="5" dir="s" state="o"/>
    <connection from="-gneE1" to="Main.gneE0" fromLane="1" toLane="1" via=":gneJ1_6_0" tl="gneJ1" linkIndex="6" dir="l" state="o"/>
    <connection from="-gneE2" to="Main.gneE4" fromLane="0" toLane="0" via=":gneJ4_0_0" tl="gneJ4" linkIndex="0" dir="r" state="o"/>
    <connection from="-gneE2" to="-gneE1" fromLane="0" toLane="0" via=":gneJ4_1_0" tl="gneJ4" linkIndex="1" dir="s" state="o"/>
    <connection from="-gneE2" to="-gneE1" fromLane="1" toLane="1" via=":gneJ4_1_1" tl="gneJ4" linkIndex="2" dir="s" state="o"/>
    <connection from="-gneE4" to="gneE4" fromLane="0" toLane="0" via=":2668120321_0_0" dir="t" state="M"/>
    <connection from="-gneE5" to="-gneE4" fromLane="0" toLane="0" via=":gneJ2_4_0" tl="gneJ2" linkIndex="4" dir="s" state="o"/>
    <connection from="-gneE5" to="Main.gneE1" fromLane="0" toLane="1" via=":gneJ2_5_0" tl="gneJ2" linkIndex="5" dir="l" state="o"/>
    <connection from="Main.gneE1" to="-gneE0" fromLane="0" toLane="0" via=":gneJ1_0_0" tl="gneJ1" linkIndex="0" dir="r" state="o"/>
    <connection from="Main.gneE1" to="Main.gneE0" fromLane="0" toLane="0" via=":gneJ1_1_0" tl="gneJ1" linkIndex="1" dir="s" state="o"/>
    <connection from="Main.gneE1" to="Main.gneE0" fromLane="1" toLane="1" via=":gneJ1_1_1" tl="gneJ1" linkIndex="2" dir="s" state="o"/>
    <connection from="Main.gneE1" to="gneE1" fromLane="1" toLane="1" via=":gneJ1_3_0" tl="gneJ1" linkIndex="3" dir="l" state="o"/>
    <connection from="Main.gneE2" to="-gneE4" fromLane="0" toLane="0" via=":gneJ2_0_0" tl="gneJ2" linkIndex="0" dir="r" state="o"/>
    <connection from="Main.gneE2" to="Main.gneE1" fromLane="0" toLane="0" via=":gneJ2_1_0" tl="gneJ2" linkIndex="1" dir="s" state="o"/>
    <connection from="Main.gneE2" to="Main.gneE1" fromLane="1" toLane="1" via=":gneJ2_1_1" tl="gneJ2" linkIndex="2" dir="s" state="o"/>
    <connection from="Main.gneE2" to="gneE5" fromLane="1" toLane="0" via=":gneJ2_3_0" tl="gneJ2" linkIndex="3" dir="l" state="o"/>
    <connection from="Main.gneE3" to="gneE2" fromLane="0" toLane="0" via=":gneJ4_3_0" tl="gneJ4" linkIndex="3" dir="r" state="o"/>
    <connection from="Main.gneE3" to="Main.gneE4" fromLane="0" toLane="0" via=":gneJ4_4_0" tl="gneJ4" linkIndex="4" dir="s" state="o"/>
    <connection from="Main.gneE3" to="Main.gneE4" fromLane="1" toLane="1" via=":gneJ4_4_1" tl="gneJ4" linkIndex="5" dir="s" state="o"/>
    <connection from="Main.gneE3" to="-gneE1" fromLane="1" toLane="1" via=":gneJ4_6_0" tl="gneJ4" linkIndex="6" dir="l" state="o"/>
    <connection from="Main.gneE4" to="gneE6" fromLane="0" toLane="0" via=":gneJ7_0_0" tl="gneJ7" linkIndex="0" dir="r" state="o"/>
    <connection from="Main.gneE4" to="Main.gneE5" fromLane="0" toLane="0" via=":gneJ7_1_0" tl="gneJ7" linkIndex="1" dir="s" state="o"/>
    <connection from="Main.gneE4" to="Main.gneE5" fromLane="1" toLane="1" via=":gneJ7_1_1" tl="gneJ7" linkIndex="2" dir="s" state="o"/>
    <connection from="Main.gneE4" to="-gneE5" fromLane="1" toLane="0" via=":gneJ7_3_0" tl="gneJ7" linkIndex="3" dir="l" state="o"/>
    <connection from="gneE0" to="Main.gneE0" fromLane="0" toLane="0" via=":gneJ1_7_0" tl="gneJ1" linkIndex="7" dir="r" state="o"/>
    <connection from="gneE0" to="gneE1" fromLane="0" toLane="0" via=":gneJ1_8_0" tl="gneJ1" linkIndex="8" dir="s" state="o"/>
    <connection from="gneE0" to="gneE1" fromLane="1" toLane="1" via=":gneJ1_8_1" tl="gneJ1" linkIndex="9" dir="s" state="o"/>
    <connection from="gneE1" to="gneE2" fromLane="0" toLane="0" via=":gneJ4_7_0" tl="gneJ4" linkIndex="7" dir="s" state="o"/>
    <connection from="gneE1" to="gneE2" fromLane="1" toLane="1" via=":gneJ4_7_1" tl="gneJ4" linkIndex="8" dir="s" state="o"/>
    <connection from="gneE1" to="Main.gneE4" fromLane="1" toLane="0" via=":gneJ4_9_0" tl="gneJ4" linkIndex="9" dir="l" state="o"/>
    <connection from="gneE2" to="-gneE2" fromLane="1" toLane="1" via=":2814617346_0_0" dir="t" state="M"/>
    <connection from="gneE4" to="Main.gneE1" fromLane="0" toLane="0" via=":gneJ2_6_0" tl="gneJ2" linkIndex="6" dir="r" state="o"/>
    <connection from="gneE4" to="gneE5" fromLane="0" toLane="0" via=":gneJ2_7_0" tl="gneJ2" linkIndex="7" dir="s" state="o"/>
    <connection from="gneE5" to="gneE6" fromLane="0" toLane="0" via=":gneJ7_4_0" tl="gneJ7" linkIndex="4" dir="s" state="o"/>
    <connection from="gneE5" to="Main.gneE5" fromLane="0" toLane="1" via=":gneJ7_5_0" tl="gneJ7" linkIndex="5" dir="l" state="o"/>

    <connection from=":106101895_0" to="gneE0" fromLane="0" toLane="1" dir="t" state="M"/>
    <connection from=":2668120321_0" to="gneE4" fromLane="0" toLane="0" dir="t" state="M"/>
    <connection from=":2814617346_0" to="-gneE2" fromLane="0" toLane="1" dir="t" state="M"/>
    <connection from=":gneJ1_0" to="-gneE0" fromLane="0" toLane="0" dir="r" state="M"/>
    <connection from=":gneJ1_1" to="Main.gneE0" fromLane="0" toLane="0" dir="s" state="M"/>
    <connection from=":gneJ1_1" to="Main.gneE0" fromLane="1" toLane="1" dir="s" state="M"/>
    <connection from=":gneJ1_3" to="gneE1" fromLane="0" toLane="1" dir="l" state="M"/>
    <connection from=":gneJ1_4" to="-gneE0" fromLane="0" toLane="0" dir="s" state="M"/>
    <connection from=":gneJ1_4" to="-gneE0" fromLane="1" toLane="1" dir="s" state="M"/>
    <connection from=":gneJ1_6" to="Main.gneE0" fromLane="0" toLane="1" via=":gneJ1_10_0" dir="l" state="m"/>
    <connection from=":gneJ1_10" to="Main.gneE0" fromLane="0" toLane="1" dir="l" state="M"/>
    <connection from=":gneJ1_7" to="Main.gneE0" fromLane="0" toLane="0" dir="r" state="M"/>
    <connection from=":gneJ1_8" to="gneE1" fromLane="0" toLane="0" dir="s" state="M"/>
    <connection from=":gneJ1_8" to="gneE1" fromLane="1" toLane="1" dir="s" state="M"/>
    <connection from=":gneJ2_0" to="-gneE4" fromLane="0" toLane="0" dir="r" state="M"/>
    <connection from=":gneJ2_1" to="Main.gneE1" fromLane="0" toLane="0" dir="s" state="M"/>
    <connection from=":gneJ2_1" to="Main.gneE1" fromLane="1" toLane="1" dir="s" state="M"/>
    <connection from=":gneJ2_3" to="gneE5" fromLane="0" toLane="0" dir="l" state="M"/>
    <connection from=":gneJ2_4" to="-gneE4" fromLane="0" toLane="0" dir="s" state="M"/>
    <connection from=":gneJ2_5" to="Main.gneE1" fromLane="0" toLane="1" via=":gneJ2_8_0" dir="l" state="m"/>
    <connection from=":gneJ2_8" to="Main.gneE1" fromLane="0" toLane="1" dir="l" state="M"/>
    <connection from=":gneJ2_6" to="Main.gneE1" fromLane="0" toLane="0" dir="r" state="M"/>
    <connection from=":gneJ2_7" to="gneE5" fromLane="0" toLane="0" dir="s" state="M"/>
    <connection from=":gneJ4_0" to="Main.gneE4" fromLane="0" toLane="0" dir="r" state="M"/>
    <connection from=":gneJ4_1" to="-gneE1" fromLane="0" toLane="0" dir="s" state="M"/>
    <connection from=":gneJ4_1" to="-gneE1" fromLane="1" toLane="1" dir="s" state="M"/>
    <connection from=":gneJ4_3" to="gneE2" fromLane="0" toLane="0" dir="r" state="M"/>
    <connection from=":gneJ4_4" to="Main.gneE4" fromLane="0" toLane="0" dir="s" state="M"/>
    <connection from=":gneJ4_4" to="Main.gneE4" fromLane="1" toLane="1" dir="s" state="M"/>
    <connection from=":gneJ4_6" to="-gneE1" fromLane="0" toLane="1" dir="l" state="M"/>
    <connection from=":gneJ4_7" to="gneE2" fromLane="0" toLane="0" dir="s" state="M"/>
    <connection from=":gneJ4_7" to="gneE2" fromLane="1" toLane="1" dir="s" state="M"/>
    <connection from=":gneJ4_9" to="Main.gneE4" fromLane="0" toLane="0" via=":gneJ4_10_0" dir="l" state="m"/>
    <connection from=":gneJ4_10" to="Main.gneE4" fromLane="0" toLane="0" dir="l" state="M"/>
    <connection from=":gneJ7_0" to="gneE6" fromLane="0" toLane="0" dir="r" state="M"/>
    <connection from=":gneJ7_1" to="Main.gneE5" fromLane="0" toLane="0" dir="s" state="M"/>
    <connection from=":gneJ7_1" to="Main.gneE5" fromLane="1" toLane="1" dir="s" state="M"/>
    <connection from=":gneJ7_3" to="-gneE5" fromLane="0" toLane="0" dir="l" state="M"/>
    <connection from=":gneJ7_4" to="gneE6" fromLane="0" toLane="0" dir="s" state="M"/>
    <connection from=":gneJ7_5" to="Main.gneE5" fromLane="0" toLane="1" dir="l" state="M"/>

</net>
